b000, b001, b002, b003, b004, b005, b006, b007, b008, b009, b010, b011, b012, b013, b014, b015, 

-29.470757487789673, -0.5081385688276306, 0.9456098234946502, 0.05942937310776599, 0.29518870729687074, 2.166191982625022, 1.8943303031956997, -7.565966308005492, -1.1452472383671728, 24.178622361457872, -0.5373877562036907, 1.586073527227456, -1.5608381111667198, -1.8605706983877341, 2.7520276270172404, -0.030614734734922686, 

-27.81004515990573, -0.08097464678642681, -0.3541459948271923, 0.8807258203181466, -0.65068711907425, 1.6015676320107473, -0.7018934444565581, -6.958749020980775, 2.703973009999791, 21.889642333096955, 1.2950700357393092, 2.1356706015050815, -3.201075653392352, -4.954356478402374, 1.8580072709237947, -1.1314574564685302, 
-27.7177317432522, -0.05833989179229927, -1.2523161867134336, 1.0712923045042575, -1.1785520871685784, 1.7261781455396863, 0.12210863781255289, -7.515661943888042, 1.530162404674516, 22.769995271837427, 2.0170343262181203, 2.6403937001649433, -4.327774932781773, -5.166929566286399, 2.4860964916520296, -0.4737145221019835, 
-27.943661484655333, 0.13701234487520272, -2.3003669541729646, 1.0842310221315152, -1.8759509988507672, 2.0962416968552966, 0.6942299643828005, -8.240838866147062, 0.19463307319711612, 23.715162693760874, 2.9652518178311036, 3.3304570364869948, -5.2611464124608585, -5.139431898377084, 3.0047893559570014, -0.382006088987795, 
-28.385555029731176, 0.16909425534384748, -2.857345182471678, 1.2184997906025616, -2.2446297230536296, 2.4047404252411773, 1.0487777106225922, -8.831515943981426, -0.6785139929700582, 24.43976633960744, 3.217154422833885, 3.466481777021807, -5.7413765078750245, -4.859018099850018, 3.33585928257506, -0.1581253035922436, 
-29.156858436076764, 0.32077794167959833, -3.535983081169598, 1.1966234707723955, -2.7075983022474337, 2.9925872904400537, 1.1642462344056559, -9.624747604919945, -1.6599167280163836, 25.21462285531743, 3.6283491260010896, 3.8134043531602204, -5.982113616542068, -4.400981965220831, 3.6659314052452685, -0.35093584888389, 
-29.712411138715286, 0.4219317672063213, -3.7251435848695054, 1.179830009506273, -2.884665979337793, 3.3624945535165525, 1.1821516318991145, -10.186141136336571, -2.2248586749998376, 25.759064820172036, 3.4219963294999185, 3.695983546708834, -5.9162282424483426, -3.7834824079076723, 3.8983131232974295, -0.2873642448509105, 
-30.580959175124033, 0.6144490875282861, -4.076708579467113, 1.0377780225191082, -3.142802746879194, 3.9636883089240023, 1.0374543942690848, -10.941428091527106, -2.946824797764521, 26.385579059117127, 3.412476232395121, 3.9278744879397696, -5.636717760351598, -3.0785237328701602, 4.227481762055801, -0.5307938190128191, 
-30.920539799586113, 0.8663413469046148, -4.041611590025914, 0.8393943740288443, -3.1899590378726335, 4.26025996841974, 0.9101679813294249, -11.402411643732579, -3.4154818358603927, 26.82962349086225, 2.9773290440562468, 3.888914462756676, -5.2069565438815, -2.3100280666961837, 4.55008824442279, -0.5362720102680836, 
-31.62077840402617, 1.099311001942856, -4.111132661637185, 0.6669947080388479, -3.2288434343526644, 4.683395521371994, 0.6610215071650617, -11.949991360835119, -3.9844941826936653, 27.257652381876, 2.70877622286668, 4.255782418016058, -4.518609767085404, -1.5987761272640613, 4.965249332882855, -0.7554734491011941, 
-31.59440562526063, 1.4510081919926936, -3.866283827164923, 0.4317336853134971, -3.0979436801305704, 4.720719653902251, 0.5190929324680806, -12.132061816330348, -4.362446037881398, 27.568672463085836, 2.168952453272847, 4.425180635162387, -3.855639415490897, -0.9311168746514994, 5.4087989064696105, -0.742981499454854, 
-32.09957579884374, 1.618728936041872, -3.6978449689209687, 0.40924466733276016, -2.896380761228285, 4.787626477192803, 0.3022800581507095, -12.315899521638682, -4.721118929757662, 27.81729775274608, 1.810224707130431, 4.970150070625569, -2.9619050680384373, -0.5159165182852943, 5.8588142162646495, -0.8193946882533721, 
-31.93391142554052, 1.8868628380054537, -3.364996363268843, 0.32127209789169064, -2.5978727855790997, 4.55182212386402, 0.22080304676894508, -12.188013215323897, -4.948306059557525, 28.043289719605596, 1.3820165673734486, 5.323350196957247, -2.216863740955416, -0.22294017621954337, 6.334466846659499, -0.7120747594976521, 
-32.24918875062486, 1.8472992115065732, -2.9715937645193073, 0.5545350428987275, -2.2371790277485335, 4.285286341182874, 0.12111360222168198, -12.00759352323544, -4.965607575752608, 28.112854439279452, 1.1114639483890134, 5.845308114233811, -1.335757973759927, -0.3341200480182619, 6.698095102470751, -0.5778759840303704, 
-32.028794830257795, 1.878963673911092, -2.547636168624551, 0.6882757031048435, -1.8742325815274254, 3.863138661740957, 0.17805556397860342, -11.65497630808978, -4.900635708831248, 28.22321485490807, 0.9632427594772879, 6.1190018839661064, -0.7071787197113832, -0.5666601574748693, 7.043776176878029, -0.30132497182280893, 
-32.185854334156616, 1.515794155292527, -1.9352457665195495, 1.1570578618460587, -1.5270248681569327, 3.398985597943519, 0.2930102719240619, -11.252357063105755, -4.480423198800315, 28.109628920279423, 0.9307511891460353, 6.285096179142445, -0.06855504085857912, -1.2299193113197933, 7.140012805535839, 0.08896706762414441, 
-31.87146921061466, 1.266336444405432, -1.4166879565148618, 1.4326959123132261, -1.249269547567316, 2.9355139199114446, 0.5452940150631926, -10.822857332238765, -4.096171963065549, 28.0758802220471, 1.120732725716532, 6.200513598109617, 0.26344490235751683, -1.887171693420054, 7.229032100993352, 0.5079799164597931, 
-31.701522657616216, 0.6582292252883695, -0.6004347815936631, 1.9429310166398215, -1.0250819629533356, 2.397509233970925, 0.8774617533716523, -10.292914797287787, -3.3327940850247733, 27.758429449509816, 1.3328516370656727, 5.811628001061748, 0.5354676053539696, -2.8447492130682863, 7.001849490126811, 1.0096754165311548, 
-31.23150988016913, 0.1983720843193267, -0.0003615303108383464, 2.204557367548755, -0.8583403497036953, 1.9851945884164048, 1.2774996716487739, -9.868531614506168, -2.7536694788162452, 27.493954555887356, 1.7634247104776029, 5.319662951271655, 0.576040433274883, -3.6510966390182795, 6.793125944183658, 1.4112946260986434, 
-30.776451916843875, -0.571372092890939, 1.0906541161076526, 2.6460879341518377, -0.73528714265904, 1.4209518295600407, 1.73143933142606, -9.251759367631161, -1.7807001390039896, 26.879314848774907, 1.9425030595327906, 4.423223952217278, 0.5545027609822903, -4.573453459231182, 6.201844144997229, 1.818881164931196, 
-30.238915051530125, -1.1568236647777594, 1.838218857199656, 2.830260808451474, -0.6171042323248446, 1.076347416662746, 2.155851161058904, -8.827674181123434, -1.1568136446279493, 26.298384786855078, 2.3043727315401012, 3.6270357613454838, 0.4540958049807685, -5.243047523191853, 5.68031975605752, 2.0467220173857386, 
-29.706253028249808, -1.9244159857778027, 3.0095561371535084, 3.053308108480416, -0.4921477195556894, 0.566927154840994, 2.556221550618441, -8.174074819599408, -0.30488134040424775, 25.41242641158421, 2.1849964519520646, 2.4538311349095254, 0.34854724058218767, -5.757038501733433, 4.779093059331433, 2.2436183751590004, 
-29.35138059166256, -2.4812048177378836, 3.6996446950451283, 3.0963399055821945, -0.3553445628397662, 0.3506667903792846, 2.881192345928518, -7.8333972803394865, 0.05205958702304623, 24.690676831958676, 2.244738875973704, 1.6163680152827995, 0.2400572920354642, -6.011331175889863, 4.075387313531033, 2.298942703074357, 
-29.053404232822782, -3.107398057924634, 4.544420746484467, 3.081082424910352, -0.1717436740980214, -0.05830728245721365, 3.255233408060645, -7.321731417643516, 0.38043761263396586, 23.975258855148606, 1.8094897170115076, 0.5208086761926036, 0.017825672675097035, -5.99001917639273, 3.094268166505891, 2.5091851396799973, 
-29.08570078773128, -3.5459732602644327, 4.810773131854159, 2.9890758290008685, 0.008569772847695297, -0.13922692821975838, 3.58119426825531, -7.191503652642579, 0.18833252503773162, 23.565944582145203, 1.6788862899107089, -0.09888270596747586, -0.20392991048707967, -5.8435679014896795, 2.4194726338682684, 2.6262055208406427, 
-29.178918109232743, -3.907570911756853, 4.867362692310264, 2.7794015192951282, 0.2640413150641712, -0.39692663584507665, 4.075481940038647, -6.995844037155598, -0.2724820197480509, 23.621861103647387, 1.2175054096567304, -0.7759022934779783, -0.6949505890352152, -5.422359175706449, 1.691151890613284, 3.0619414113226684, 
-29.57811932283626, -4.12562292852112, 4.625941066631, 2.6218766748725586, 0.4696503525311579, -0.2769503857390001, 4.39157952134649, -7.091859651228886, -0.9210786179760815, 23.7827630859646, 1.0942293582301892, -1.0386624818256835, -0.9676731540417741, -5.066917444971193, 1.2758084002758572, 3.2118300503819315, 
-29.911682581285323, -4.167517057731771, 4.157087751262094, 2.3088258367622143, 0.8112593658075268, -0.2899797382486974, 4.817817972002045, -7.094372513261601, -1.7463467976920493, 24.466928791848915, 0.6969932777400243, -1.3141422840958044, -1.4046788291211079, -4.48617533960993, 0.9179954807760975, 3.591583369332993, 
-30.46288841028633, -4.173607945885784, 3.819166918878067, 2.183970884238642, 0.9729228797306742, 0.15340830056277122, 4.8687867587943, -7.31646545161143, -2.2872844889819754, 24.704877548300516, 0.6484312519598553, -1.279742238155752, -1.3466585969536597, -4.175162307244306, 0.7846260667485809, 3.3710658425289144, 
-30.733489400626766, -3.8929722629619214, 3.263254103886313, 1.8304115604852451, 1.3132774533734521, 0.4501461732670277, 5.019391683174183, -7.409340478523007, -2.9283683538636036, 25.527075229968812, 0.3298477853477686, -1.2199446386118378, -1.4428175970861785, -3.663557945280348, 0.8370900323075918, 3.3627367308536034, 
-31.12050692227782, -3.663497746285462, 2.9751933115226143, 1.6982338835480602, 1.3668697293681047, 1.1021116197894565, 4.877467297112551, -7.70007934038891, -3.2316638755911318, 25.740801550531216, 0.3503460332908876, -0.9150274927736076, -1.1761996684512832, -3.4749912081522165, 1.0436936551775415, 2.8531121266687496, 
-31.093833741895416, -3.106239040401734, 2.433524285487398, 1.2623808713341422, 1.654190621471159, 1.64890246865535, 4.784526929163539, -7.861880043999396, -3.6327943627252384, 26.492095454551983, 0.17671613708990708, -0.5480074724909977, -1.0225031168029621, -3.108088668816885, 1.4970118294518053, 2.505564179805192, 
-31.131936970786125, -2.7128235425969622, 2.1922988889483386, 1.042439879856351, 1.5947546419626615, 2.394444624802992, 4.541419469000364, -8.174102229254052, -3.812999205918405, 26.618028089600493, 0.30306808219898734, -0.03556468918204377, -0.6946342525766631, -3.0246597920609974, 1.9986904989061371, 1.855458060310065, 
-30.678420139406338, -1.999225929597182, 1.6939656790889623, 0.4610863594462247, 1.8543143004975837, 3.0114452946461756, 4.309397217263252, -8.31504919156969, -4.083497349115984, 27.23491149019529, 0.25761447722059067, 0.5205584974689181, -0.4102232899214361, -2.7551967482406345, 2.7292049645564025, 1.355251808111457, 
-30.245523392288984, -1.4963479015555812, 1.4366447590316316, 0.061408883757169276, 1.8020191768582932, 3.646045412334327, 4.066468943675044, -8.522013161332863, -4.280652914679695, 27.40373802923919, 0.420261049414487, 1.1087070249417996, -0.09825690158979927, -2.670386830881992, 3.411556450023088, 0.7630186967092111, 
-29.4836655816564, -0.8562683607648256, 0.9978633426913137, -0.5663826790823175, 1.9932932584928427, 4.147842688462697, 3.80767845467768, -8.570857019828908, -4.470371023014574, 27.847701775306298, 0.499422585653179, 1.6612043410868158, 0.2677738446099314, -2.5108609897734695, 4.178028777068997, 0.27774069053260064, 
-28.81624902284326, -0.4416532196831871, 0.6921849667864721, -1.0195915394335213, 1.9429388954348221, 4.557840487443485, 3.6415158056277646, -8.652799170134262, -4.611659474213362, 28.064727767468845, 0.7018785250786663, 2.1710064789045993, 0.5647736927161474, -2.4825618436500863, 4.839851887815153, -0.14816272648287376, 
-28.198057405912508, -0.15585935378904983, 0.2567092003375345, -1.4822236324918787, 2.0549907835896954, 4.860630198173024, 3.479721079566098, -8.654332175852689, -4.535237415843588, 28.40231779879251, 0.888736069887723, 2.453041809727423, 0.9320011286486004, -2.56604762642543, 5.3777941145081805, -0.38888457132559284, 
-27.885224594889863, -0.18018579456344083, -0.1196451410730219, -1.716554610298357, 1.9693331043901678, 5.083408768050827, 3.428086880992521, -8.70610142308699, -4.291705551532716, 28.570049864509365, 1.1705813068601427, 2.57163235336869, 1.1884339560705655, -2.843558632423221, 5.71249043170055, -0.4728513491065465, 
-27.877588708709833, -0.540874364403774, -0.5393575368465033, -1.788744426892385, 1.9122083889966193, 5.262341711780002, 3.405031878860255, -8.755147213303971, -3.6821934229861557, 28.60639291184974, 1.5066937444521165, 2.3449514594925716, 1.474146115082154, -3.3752320530462896, 5.760819595810537, -0.33243895573939786, 
-28.106770978735028, -1.0716867065949447, -0.8957545352777043, -1.678163620154253, 1.619882875606893, 5.3197848139925386, 3.4796088276359516, -8.81667425084808, -3.0529154896030755, 28.624266705599943, 1.8965022909078424, 2.0479495130779375, 1.5385569320944055, -3.931111414718246, 5.677863834899528, -0.13527165405021432, 
-28.622921964033026, -1.910538538419111, -1.285811970979837, -1.46911222284783, 1.462015764557463, 5.411903940126782, 3.525275198798834, -8.900704721065477, -1.9820851602111442, 28.40555141543679, 2.376318307034212, 1.3803059215547688, 1.7279561607048082, -4.79706163082554, 5.2746248235232, 0.2374657927366327, 
-29.191918386084325, -2.7497533025421794, -1.5903473376201211, -1.2116055482609813, 1.2205738124413579, 5.3825188543303835, 3.5606123024371814, -8.916922766252236, -0.9240582109503739, 28.184240946995494, 2.8482759744239674, 0.6839089276508915, 1.7939251050767504, -5.573562813559721, 4.804999317658958, 0.5320254779863958, 
-29.89379583130284, -3.761625008813851, -1.7261368219137954, -0.9099637493077894, 1.1091079068184686, 5.374659840681196, 3.5045658451402573, -8.905948540797622, 0.4464538446031937, 27.540722038905155, 3.349211290107049, -0.2732577961018306, 2.0560190945565333, -6.499727597624831, 4.066652222378228, 0.833791795559854, 
-30.273498707690866, -4.340670256326318, -1.8381749080717225, -0.7349842946191462, 0.8966798067265321, 5.113116775578852, 3.3844167937082283, -8.71113617984998, 1.3693763562671881, 27.218277515498258, 3.683665956905384, -0.8424223105261495, 2.0345386298473587, -6.931077199754612, 3.5754691157074454, 0.8749328818588787, 
-30.764652317763087, -5.087134736436068, -1.6289250965474973, -0.4773997875360682, 0.8918398575183125, 4.982665622143638, 3.088465623636191, -8.522399344556124, 2.672669434015615, 26.186842727141876, 4.041852053159303, -1.7083989188080817, 2.36903732095263, -7.580204108291782, 2.7558184991964847, 0.8577308663083291, 
-30.97274838111828, -5.449168769468616, -1.3708528272914926, -0.3287316294069069, 0.8654757951144145, 4.65494127956052, 2.669910616280445, -8.140738018353844, 3.712987869122886, 25.312209487117176, 4.186944074154797, -2.2615319966883027, 2.5817450485418787, -7.832599479712056, 2.1326582438424175, 0.6155899659673203, 
-31.15369968216013, -5.799351360860024, -0.7400256311900303, -0.10118246908526561, 1.0046950625594262, 4.43935537420212, 2.1151274084328144, -7.7786188055704395, 4.90633932898675, 23.766287779964774, 4.236935774994905, -2.8891461339702498, 3.101345064003922, -8.11899691647593, 1.34090708267771, 0.29303313051953106, 
-31.132097882916984, -5.7953827341206035, -0.1523690961242844, 0.0557631768315264, 1.0909866155526284, 4.104167066656992, 1.5057080790222523, -7.315089529253834, 5.859585201484704, 22.52439441226813, 4.078073819482899, -3.1966464494905633, 3.4685133870655944, -8.104599091652375, 0.8142295272806965, -0.12467041472439448, 
-31.066797752424335, -5.68168168763619, 0.6085878492789025, 0.28458588399115964, 1.2710101427855771, 3.8874058883687153, 0.9466966919166602, -6.999552879928056, 6.6523539374038565, 20.957406459967693, 3.8478595497542836, -3.3454668871345383, 3.9325257508898366, -8.038105852804952, 0.34759544587715974, -0.47913435623774714, 
-30.95133337197252, -5.31675500786691, 1.0997568604221184, 0.47075488531478366, 1.337220662832981, 3.6026429649707676, 0.47037968585619044, -6.67543465268284, 7.179990763241897, 19.94422767939878, 3.5165952412682646, -3.1853374503067577, 4.1087298360619045, -7.8252862443896865, 0.1668294043920601, -0.7412217914724339, 
-30.891594562268264, -4.787274338964947, 1.3103620475662225, 0.6738525953075527, 1.4916428847434766, 3.4372606380171264, 0.3082545816827283, -6.689255606735701, 6.973027066812072, 19.195738460551652, 3.318562086997386, -2.5497197625488206, 4.0312755625990455, -7.484797202813396, 0.2989177694053336, -0.743791760022783, 
-30.831180700192004, -4.156858766889401, 1.211338793500036, 0.8531845000797721, 1.5072728978785204, 3.1941481198495416, 0.22335747117558605, -6.622415684139972, 6.615315989816532, 18.93486293336389, 3.100295217389029, -1.7835516131131064, 3.6572969309353645, -7.132688793636847, 0.5618218259412481, -0.6256745733637734, 
-30.793987041009036, -3.3878207335309605, 0.7073395818420797, 0.9774919983046696, 1.6229607456051665, 2.992856384699327, 0.46657837890211074, -6.796746452899795, 5.33703320768184, 19.142603249658983, 3.0457562272855365, -0.57923298290787, 2.9267132516277825, -6.560639039759461, 1.0968148466761845, -0.2949657102096022, 
-30.70713319598745, -2.6524699315013924, 0.19249262023726446, 1.104197925711371, 1.6473029866865807, 2.705276063073548, 0.703819187285525, -6.804371950405923, 4.12244477510809, 19.391967370379245, 2.8963593753783807, 0.5128480099565826, 2.1311690621461516, -5.989343685974097, 1.5507946777091228, 0.021134160950141465, 
-30.524599725122002, -1.8383473977443043, -0.48788532046370203, 1.1342313296497049, 1.7506020910773326, 2.377526896208817, 1.1112826258854176, -6.856817161275097, 2.292242237416706, 19.94070681111066, 2.7219158027381747, 1.782417582314989, 1.1816517814240903, -5.114968514837466, 2.1302735684703333, 0.33439992945362534, 
-30.32849980780578, -1.1913769903087899, -0.8182827405807661, 1.284013196704628, 1.6401685070135361, 1.9608390717092723, 1.3760999093877295, -6.60050337120989, 1.2442971466583026, 20.06693169158297, 2.3070157810367258, 2.6157730796939327, 0.42461181914360424, -4.509811620355281, 2.391257962781883, 0.6116688144152482, 
-29.994059472573284, -0.45838875595009565, -1.2656118651663388, 1.2322348865262547, 1.6727916147794897, 1.5441379888009872, 1.7967451873941171, -6.477301100088024, -0.5011511342040309, 20.61903051877248, 1.826962571146876, 3.631261322592299, -0.397639664465025, -3.461982987487818, 2.8667907616933266, 0.7645894034868082, 
-29.645163088664088, 0.1290029881125179, -1.4564860080219215, 1.2017188462754738, 1.5768696417353596, 1.1180442107371291, 2.124907476770428, -6.249289992924603, -1.6860067766411415, 20.95375371056807, 1.227217856489989, 4.34988283440064, -1.0270597801079666, -2.601864466976179, 3.203878810754975, 0.855032684703272, 
-29.21321948943115, 0.6725086433260058, -1.6188785062493085, 1.0110984735088546, 1.5669778475538934, 0.7727770428702095, 2.4472896807172617, -6.168354152876579, -3.0094861468463483, 21.547222291842726, 0.589311886740327, 5.035713078851684, -1.5524576586852956, -1.5378519695559372, 3.6736049266533026, 0.7635727308967719, 
-29.016912038837745, 1.0353759976619197, -1.5661839150652976, 1.0544598319146883, 1.325322028286917, 0.4899137652028769, 2.6373138312401054, -5.99797487444943, -3.335217291174073, 21.767718127451065, -0.04439873943965382, 5.45077281681079, -1.9008967442930578, -1.1244910711178149, 3.953780161334216, 0.8562399828806342, 
-28.976625578617213, 1.200810399507205, -1.5692058277382848, 0.9971134074865252, 1.222172809967682, 0.48473872634101445, 2.7675589723844625, -6.20234928685123, -3.7312554039865007, 22.28723222698992, -0.5395814139554279, 5.77909930693306, -2.1191821971417597, -0.6504558090441388, 4.363947204773011, 0.7985374767869314, 
-29.21135153368977, 1.199542130540649, -1.4896080762892898, 1.119861404384547, 0.9997607318644066, 0.6038153519523314, 2.8058840455529985, -6.479454373441997, -3.4696462834985056, 22.606930386131545, -0.8991056640975518, 5.957138183359825, -2.2421335034475423, -0.6848313033667154, 4.690127233238256, 0.901062816407072, 
-29.77041105828032, 0.8915839100217223, -1.3912924798349955, 1.280900851707794, 0.8424013633029553, 1.002733291182773, 2.750565838458731, -7.087057394304403, -2.917799437291273, 22.965306025017743, -1.032990482030079, 5.8751647938768015, -2.2192693805397212, -0.9021402321854759, 4.9492088924529805, 0.9707176997284621, 
-30.287649424407682, 0.7372069623214528, -1.2580047906257927, 1.4601535447898057, 0.5681199801385076, 1.166685056413707, 2.7364437426273662, -7.434704271745724, -2.1182503050473143, 23.20612921482613, -1.1963235354609654, 5.925204711837467, -2.2641981102389224, -1.3239988330152255, 5.18261953830404, 1.2130668240362428, 
-31.01119142355616, 0.2877384212788917, -1.023894424407757, 1.541807526402396, 0.3834891860127895, 1.4762444498612768, 2.668964068203738, -8.004636099507717, -1.1479816904394866, 23.476792171360074, -1.1746689983154828, 5.612196300431302, -2.1582502065347207, -1.67479436160036, 5.273602157579638, 1.286950061325471, 
-31.39764726150025, 0.12946192204510507, -0.7516260996344796, 1.4928411029051059, 0.17592660193318085, 1.470880843714673, 2.650450059354708, -8.220584408447504, -0.31865235904194755, 23.69417734683635, -1.2903244351359973, 5.504085751211094, -2.127489259868473, -1.8840370388565846, 5.3907245383859586, 1.346593663379746, 
-31.79062627017522, -0.23909830843226035, -0.3007676548327236, 1.3297107860110169, 0.034330008580021394, 1.5311504853251676, 2.563388857819137, -8.453883882439365, 0.6768685218140728, 23.729708415072167, -1.2866805713704847, 4.978916042716356, -1.9366494979297013, -1.9841304730780533, 5.253332559543051, 1.1856030348274196, 
-31.732742666638856, -0.17857832601974696, 0.12887772318470386, 1.1296179244976954, -0.1262328318214385, 1.354223672287223, 2.501687301170983, -8.3587910055074, 1.2678365964754668, 23.795746085220944, -1.5087667774593103, 4.837413429027867, -1.8699895317245911, -1.906285409618797, 5.257502421889675, 1.0053216299695509, 
-31.748138806840238, -0.45226920746671745, 0.858040040159334, 0.8470421231346187, -0.19309389054889076, 1.3417551708870328, 2.2849471261757044, -8.236480630739639, 2.212602984057933, 23.4210914299732, -1.610656653895364, 4.070455733384206, -1.4704292436657893, -1.8119321426218722, 4.796431397751925, 0.5419471372909409, 
-31.386105971952308, -0.3426721280199236, 1.524787958804519, 0.6194692253944839, -0.22353648633325743, 1.2248717826237563, 2.0321379098037977, -7.93450767782014, 2.6954757876109627, 23.10294874623985, -1.8972420014339813, 3.713880469458748, -1.1503775994864993, -1.5894526607002863, 4.5093481251103436, 0.06845136066213695, 
-30.993562607681785, -0.4418618716517353, 2.4515903373133177, 0.2848419886213615, -0.18079339757267704, 1.2270306051160118, 1.635892178778535, -7.525980765368904, 3.540297568045494, 22.314439045349054, -2.026147885721004, 2.8401963368067844, -0.5471506710282623, -1.441254585783518, 3.770587705409742, -0.6285496795645732, 
-30.44750391885084, -0.2724136048733204, 3.2258553959300222, 0.08123510324846141, -0.06927061518238611, 1.1936555845763634, 1.2241955554022097, -7.139243167000123, 3.8934434992365134, 21.744296840807525, -2.273097218692499, 2.4014209439822625, -0.051144045183768555, -1.208366034981038, 3.2723856428096836, -1.2179740750805623, 
-29.9125015911229, -0.19388090553131854, 3.966044829441874, -0.27098551340675947, 0.06152236873378831, 1.2191741801655962, 0.8501759613025963, -6.685627334598936, 4.390522127072395, 21.054323538676147, -2.259811142645884, 1.712430011703731, 0.4706679346899249, -1.120505120047056, 2.539423896532501, -1.7513613178768561, 
-29.423386520437198, 0.05030973646815502, 4.447398774491389, -0.4957458593313877, 0.2569334416044359, 1.2321030526669166, 0.5420840126321457, -6.397599303133306, 4.39822321536839, 20.836772824075844, -2.2408335087845104, 1.4533283620479165, 0.7863032962043993, -1.0000597523407389, 2.1242194259186102, -2.072512384740437, 
-29.074551614003436, 0.26740078822404983, 4.568791192124827, -0.8259677294780908, 0.4207093687159527, 1.2355089594325577, 0.48179648483724774, -6.142007833924711, 4.21311099826178, 20.99362784774214, -1.9603894758037783, 1.2978858956529564, 0.8532713745909114, -1.0218259143348494, 1.8162217357160206, -2.070350677911479, 
-28.83481022011176, 0.5321057689468609, 4.583167531269682, -0.9715190165426356, 0.6984902118027984, 1.2607696500298604, 0.3772925036040187, -6.077399075444025, 3.682093542057755, 21.517134551454912, -1.7655900062417027, 1.4066221914916934, 0.8209751698428286, -0.9722400342554395, 1.7470829820054576, -1.9804714424018557, 
-28.656872708814934, 0.7718849747748847, 4.250912952159367, -1.2968557517079609, 0.904543694397634, 1.266670874722806, 0.5628748755918862, -5.9481936217044025, 3.008916503887288, 22.389296357063678, -1.3556960805562825, 1.5661147032778568, 0.538490323950635, -1.0797220503368525, 1.788025872595159, -1.5868592807320876, 
-28.543710033506972, 0.9588758050350715, 4.112965473745013, -1.3664974779572694, 1.2910429869520037, 1.3221244710393987, 0.4945708376766779, -5.993646022922638, 2.2332286129035017, 23.211018774761722, -1.1939623255198886, 1.7582721562625578, 0.3997718802793729, -1.0402688178502004, 1.8308216102633488, -1.3384252578893037, 
-28.375624987045825, 1.1368326901195855, 3.665216689636364, -1.678881359043843, 1.5539548343194083, 1.3513019697568867, 0.7384838854399727, -5.873400872839975, 1.3199261711835795, 24.284193195174517, -0.902952905997958, 1.9945927537710657, 0.05667504181330659, -1.1342085750294588, 2.01357812834287, -0.8466447419406945, 
-28.21494631637083, 1.224835743265936, 3.4790382751746596, -1.755573335721379, 1.9336052227811371, 1.4111821211261, 0.7533088253522923, -5.900403003575911, 0.4114090060263412, 25.17600457771111, -0.8415738618830977, 2.1596668715117584, -0.12981979213492648, -1.0943703640294786, 2.12072545307753, -0.5445868859312678, 
-27.89545904804744, 1.3125027331609678, 3.096463497258273, -2.0415301848411893, 2.168423400908816, 1.4475775191236, 0.9896215750469074, -5.758809029065095, -0.6044098589801182, 26.09030206536038, -0.7889683783649607, 2.361880146347069, -0.39988574295483126, -1.0819367482188245, 2.3592801083292017, -0.14490283495853667, 
-27.659490969932108, 1.2546792417797963, 3.0397190415256965, -2.046910243801155, 2.4765280780523113, 1.4845722942410253, 0.9697408928397092, -5.810064764125858, -1.5011173428792908, 26.71540440831252, -0.9453482545569176, 2.412892674008445, -0.4829760117307567, -0.9311822655030353, 2.4186795239645744, 0.04332385921058246, 
-27.14281589157238, 1.2542335209708455, 2.781550275463062, -2.311704859609317, 2.561913854074993, 1.4293747209133445, 1.2048935127843103, -5.638206511381337, -2.5163394164879307, 27.288291697904995, -1.1235976648446009, 2.5499854111671936, -0.6691570763976578, -0.7430122480861613, 2.6627683299558234, 0.25981470531009265, 
-26.699743820478783, 1.1391395219238158, 2.7424756551019542, -2.3861158953739277, 2.636129104927806, 1.307361567659465, 1.3026235119288754, -5.570468967382628, -3.3448699992184614, 27.59055900525767, -1.4083657958142672, 2.556505651682485, -0.7496788823255827, -0.47035749229078405, 2.752656353402824, 0.3393806056385386, 
-25.992458271262333, 1.159625138603436, 2.5720850659642993, -2.669129631881292, 2.4657629342991028, 1.061440908251026, 1.5859444825623756, -5.286542547171534, -4.223183676744598, 27.82032302680527, -1.7659131801805887, 2.6653566028720093, -0.8908465082445801, -0.0723940889742825, 3.041491169670513, 0.3356421271134054, 
-25.55646238544769, 0.9436804390092579, 2.688781805879379, -2.6220906009664877, 2.3710399908770547, 0.7274064509076125, 1.676956085386748, -5.221454015651691, -4.791271208380601, 27.684827486050505, -2.136607751240964, 2.559447252922102, -0.9225603652154449, 0.31673742129603366, 2.9506901043635305, 0.3045826326448182, 
-24.734931693411824, 1.0509176450515831, 2.7196012290617073, -2.858099124435562, 1.9853242877980923, 0.28457046197914243, 1.9098777562883016, -4.911068482588274, -5.390826013033456, 27.52574882443778, -2.603775717165989, 2.6267632896817243, -0.9749123166641187, 0.9030665582537126, 3.172238555367109, 0.060624494656033895, 
-24.18068264193725, 1.0385116813930182, 2.929057583484102, -2.864740021412185, 1.6478545050459665, -0.199831795832012, 2.0180306490213638, -4.762104096046601, -5.684835287419718, 27.15901150877285, -3.031422849508695, 2.5607697925494306, -0.9567330648493598, 1.420303038606713, 3.12942753992474, -0.14245410915887208, 
-23.365408878381626, 1.3778754264106912, 3.2303739131232265, -2.968824801892336, 1.157955182583454, -0.6018634935865048, 2.008041763606699, -4.5689916712620535, -5.7691585060846275, 26.6559886837121, -3.498870194713787, 2.58595818427552, -0.847786450760967, 2.0034654488575097, 3.254543642431877, -0.6391320925392527, 
-23.143298672714245, 1.3909718937758193, 3.619056098434077, -2.702435168364604, 0.8337166119883442, -0.9523073219841256, 1.922270312922831, -4.649370929674491, -5.480719195957964, 26.11048505376207, -3.7494824473541515, 2.4175555760880987, -0.7209891471803723, 2.2274957884875857, 2.999547749591931, -0.8023739361211434, 
-22.818809309503013, 1.6925937625720735, 4.112455732304939, -2.3800612276060873, 0.4096886819990179, -0.9988130937300872, 1.5989619000350437, -4.841638958919825, -4.826420673787681, 25.370230210459862, -3.902578423749791, 2.266588311201501, -0.474826569253577, 2.268634882136713, 2.8419372376149474, -1.2170454833790296, 
-23.036457914997957, 1.7135843089898541, 4.541708453256927, -1.758705279221136, 0.12462864760714565, -0.8888013474471219, 1.246425785564482, -5.259156171131764, -3.8790205087449, 24.645174031386414, -3.781229254323937, 1.9833360209090036, -0.26683546284797083, 1.8643941213535988, 2.4346555882192717, -1.262557007574076, 
-23.407743844862456, 1.7763561176971934, 4.989020688617658, -0.95174591454064, -0.16043910234625786, -0.3841052290101231, 0.6764978168721478, -5.869242228126509, -2.5999854900496038, 23.70404284411653, -3.46442461535248, 1.5788065247147312, -0.0204314781147056, 1.1149322604531884, 1.9418149828879971, -1.3649726532957915, 
-24.144462097054177, 1.6128586618166623, 5.170255374192276, -0.11624813546750809, -0.3548979872592773, -0.08027393873619507, 0.3864378605741652, -6.461982834675955, -1.5234346302533073, 23.131239734329473, -2.9989490378030443, 1.2193781611984487, -0.009182125263382902, 0.27592837307500967, 1.3861905967415118, -0.9658662657768067, 
-24.960870457158304, 1.500394944303748, 5.300601198806554, 0.8688192082182925, -0.5163738014876823, 0.5349061250829932, -0.08633995442929808, -7.158022626232774, -0.3630028552099413, 22.347489369601078, -2.3943125349740653, 0.7450624311250151, -0.06502562493130416, -0.7534307762700614, 0.7109781233929636, -0.6647975082902249, 
-25.74010440441648, 1.414818955553432, 5.1293923887797925, 1.69115083250343, -0.6552363549847756, 0.9051040966854497, -0.2725765944809857, -7.694319510804302, 0.3491979890958279, 21.965849455031606, -1.7437397757271527, 0.4558308211144679, -0.4243527898578171, -1.6256111333388206, 0.17357549034657652, -0.11319263269760065, 
-26.535453659222387, 1.3128941176731046, 4.831381522660648, 2.588337814649201, -0.7312048250163795, 1.3688866320167303, -0.45607509257711343, -8.216598620183316, 0.826723703115458, 21.602978305280132, -1.0535537844697833, 0.12035609059290106, -0.9861596148610655, -2.4915803744396956, -0.4189897128840969, 0.4352514143398577, 
-27.129276602922054, 1.3681260265527342, 4.2419792743032145, 3.1856718804453568, -0.8403894989450489, 1.5345512455208035, -0.2844706084016778, -8.517142342883494, 0.7886190972108862, 21.825007128846657, -0.43577736364380326, 0.14188537932639017, -1.8003304870483556, -3.0736835921108745, -0.6005827022564544, 1.169260284342047, 
-27.672001634847497, 1.3550792451098046, 3.6633089083643213, 3.9212721485754876, -0.8721220874004451, 1.8137101053245586, -0.18724683898829023, -8.805505503333153, 0.6088007525081176, 21.937556084965053, 0.16629342487622886, 0.021077345945034548, -2.7617540970124606, -3.6666813663823876, -0.9064064887251307, 1.804647298490935, 
-28.090559300933553, 1.4838204629485654, 2.9419160540899494, 4.416296241117126, -0.9474747008052385, 1.9260337159632341, 0.12160130467212286, -8.925248953884855, 0.1767816467225874, 22.468956172445786, 0.6341954894830214, 0.16364982004405015, -3.77968889237456, -4.064138428780298, -0.8512409313920836, 2.5186984263108796, 
-28.53019454675495, 1.4130748449069177, 2.358092945753372, 5.106488066417582, -0.8973937160537616, 2.122401348326042, 0.30067171657993885, -9.05465036048371, -0.32297479548340297, 22.796802747942447, 1.0143741544207228, 0.051365539905486646, -4.86496302920829, -4.451958480402762, -1.0234193586111462, 3.0949151872611567, 
-28.850813851879337, 1.4871056087501522, 1.7434236958323144, 5.47655946294373, -0.9026435146602351, 2.216085317080579, 0.5989891011607182, -8.99817978925524, -0.8592644019267315, 23.4523541043261, 1.1819075848333713, 0.1601558009203498, -5.771134615698825, -4.660711829521689, -0.82155251440619, 3.641471622810769, 
-29.18576925013543, 1.3406930781923028, 1.3337847194252126, 5.925080261651342, -0.7760842909197517, 2.3446404523464452, 0.8113615198986894, -8.925628505483534, -1.4442975351845826, 23.98611038822019, 1.1748391915024814, 0.05482466259336025, -6.613578299523563, -4.776538501629053, -0.7589434194502889, 4.026990359723449, 
-29.447819871975362, 1.2828139564179382, 0.9444191157908585, 6.136621531566495, -0.665342775487248, 2.4588063878442545, 1.0324999200364093, -8.715938199178305, -1.9617818121469102, 24.676936279696825, 1.0007695685611868, 0.06697445079322205, -7.236887903590416, -4.794017521445317, -0.45755121623943745, 4.298742397561019, 
-29.746283981231457, 0.9700140942772868, 0.818311495928945, 6.376618118933021, -0.4227885409059592, 2.5044106037421945, 1.2221345615532353, -8.541204167120027, -2.568123566121062, 25.36034638635895, 0.6489997129573344, -0.08020729190233246, -7.763205048319749, -4.6291371360492555, -0.24167931560599867, 4.397066859745417, 
-29.91567885096271, 0.8655724611605682, 0.6015142103836502, 6.297526814537041, -0.27093863842699306, 2.5915097695301883, 1.4105908048080211, -8.174334318647498, -2.9980788463267785, 26.10699710993211, 0.22902294771777532, -0.07607340736715873, -8.020075080202002, -4.449888596360835, 0.19253820290166707, 4.376538913388039, 
-30.064097894553274, 0.5507347851974692, 0.6556913310416992, 6.207909253180258, -0.020473013032443716, 2.4773685152279277, 1.625609010629843, -7.8708749317228195, -3.5715391954520372, 26.90828393189769, -0.318494212912196, -0.1521419774657846, -8.228806553335188, -4.0064182349570645, 0.5840201384899083, 4.201011087877954, 
-30.080466938613277, 0.4332633322348305, 0.5729737890320937, 5.860197108033164, 0.12367544552348793, 2.412514267720464, 1.80945687954748, -7.380254518850298, -3.956768279601467, 27.640138557749495, -0.8430773250280367, -0.147483325687762, -8.242148702064746, -3.5945296778652085, 1.0531895478390287, 3.8835717169144774, 
-30.017682079626223, 0.14377255050100526, 0.7614293264615717, 5.399110554469794, 0.3051365132339592, 1.971179133231506, 2.086419272468528, -6.948917693061458, -4.511086461734692, 28.482294024987148, -1.4676130942422503, -0.13984869963113236, -8.209253343135352, -2.7980375783951605, 1.5572204860820673, 3.4364733051007557, 
-29.81249101063292, 0.11721325477534912, 0.7190721483039526, 4.760401150636595, 0.3535885368307456, 1.7200762515789234, 2.272966731282254, -6.314965944234418, -4.757632361444646, 29.07799845220014, -1.9718663559517013, -0.10032352089552936, -8.038348192753688, -2.2114571234861424, 2.0159552516300363, 2.8338199924395884, 
-29.494945287158178, -0.0319505170319981, 0.9067207029594871, 3.989306218722579, 0.3726991510926521, 1.0798963089981737, 2.5508468576345438, -5.754992225832124, -5.085657477487189, 29.682912094944808, -2.482968404034028, -0.0273542260771943, -7.79900088660853, -1.295389891533088, 2.485964226148354, 2.136358843460638, 
-29.08457152188565, -0.049899942972529414, 0.9554657713104513, 3.1780330287393372, 0.2594445024704813, 0.645873895066322, 2.770179725498662, -5.1226555463614964, -5.125318986806915, 30.01869341573911, -2.8545800211153076, 0.010173479780220198, -7.4978739180888505, -0.6431827676154009, 2.8584800278558733, 1.3519960931928507, 
-28.64858148714062, -0.19865969574776718, 1.178459451757687, 2.3432069803734903, 0.04227678992279122, -0.017881726927595695, 3.0507925614219134, -4.662670525565255, -5.090944956426166, 30.21933311372897, -3.109121920264438, 0.06562168092026642, -7.110382845451936, 0.10960643605250384, 3.1996694550868927, 0.6087458149338895, 
-28.26066052761858, -0.3220341326479764, 1.1618082668162657, 1.692593452471632, -0.3317211271778119, -0.0705343994355492, 3.215006393329805, -4.19414020374, -4.638909876809699, 29.98323178541279, -3.149435092630202, -0.10455797709562074, -6.69420614211401, 0.23587896875429123, 3.279642789440221, -0.18718729088649116, 
-27.988160650007174, -0.6147484350214893, 1.3227448905613206, 1.1320652661274284, -0.8331064644179123, -0.3227034456913516, 3.435212064142973, -4.0494880333863295, -4.0969681069075214, 29.6463078050687, -2.976588165762709, -0.22297685725260186, -6.229846077972527, 0.3623065440557012, 3.347888836679852, -0.7754193264647028, 
-27.823784876819776, -0.9526937421969098, 1.3467514066766313, 0.8008760803659388, -1.4113491530449944, -0.09139245510127936, 3.5977357558946728, -3.968851540667752, -3.307922012564596, 29.02408563840313, -2.646296358311787, -0.5159731016031607, -5.7811960618941525, -0.001620338661581912, 3.217885937315638, -1.3362945730772975, 
-27.851465924662605, -1.3741201757019297, 1.4277902076568214, 0.5718374815456896, -2.062476637464758, 0.00967336104088284, 3.7719006332856266, -4.175190208843218, -2.4485747995583687, 28.253470324066104, -2.061646161057092, -0.651949336921738, -5.294387938231253, -0.448432732400029, 3.092968354661719, -1.6194588141580664, 
-27.911730780806504, -1.8643823162848827, 1.379362851423285, 0.4524113076115863, -2.667235103631673, 0.528602443004448, 3.9507884428360946, -4.276648387524508, -1.5577993208781886, 27.31070492286057, -1.530886339534554, -1.0124771268430546, -4.836561499311967, -1.142835685010438, 2.7676838524351135, -2.0263877401351933, 
-28.19297039652147, -2.321016568410713, 1.3320007079671257, 0.3696784937814201, -3.2000799123547528, 0.7575520502454682, 4.114268329837941, -4.573785025658148, -0.7472354782304728, 26.28461137965988, -0.8086520164708104, -1.0114674052912194, -4.37508105642062, -1.8076325581335995, 2.498618893097024, -2.0860286426213763, 
-28.43667369043855, -2.8487820116663864, 1.233776038458956, 0.24397359341711733, -3.5932380968572826, 1.1743423948636393, 4.329926815232862, -4.713265028856386, -0.06856041269168518, 25.193625824328745, -0.24217074428468838, -1.172724523324435, -3.9234359466135946, -2.44649487058353, 2.108094806001838, -2.2674640502842207, 
-28.883748083921148, -3.230159846491525, 1.0495848543611868, 0.14551430791939932, -3.770472976201195, 1.3158984404447047, 4.454918763099326, -4.905414800404153, 0.4643007141089345, 24.041509107235438, 0.4153245797059607, -0.8882886144253217, -3.5092624492903983, -3.074061938010474, 1.776260018878426, -2.098978020732665, 
-29.253374308623496, -3.722590003407881, 0.8721478125911397, -0.05177521077164586, -3.7819329851124737, 1.5744901816809498, 4.6494131961422624, -4.94831845428318, 0.8403794934225527, 22.91021997298926, 0.8584623613308066, -0.8140670131208745, -3.0627615939801625, -3.539928720783431, 1.3814817407718685, -2.0893056834347328, 
-29.781295349214762, -3.980230040998556, 0.5826899484342741, -0.17313792457524735, -3.5365159600522116, 1.610414774886527, 4.665373332029774, -4.967116851260602, 1.0880915001618332, 21.756992848103124, 1.3111176043597919, -0.2914596042448927, -2.6853940786668717, -4.038933254530835, 1.053243424542461, -1.7593178896853587, 
-30.175342218927497, -4.339339466696278, 0.34887547865804414, -0.4305387010788716, -3.1911906573459583, 1.7596621073563965, 4.755512297052745, -4.950155533355435, 1.232559045035916, 20.747941576213666, 1.6133371215441588, 0.01556281202235952, -2.2417072551761845, -4.343771779095633, 0.7597588191016715, -1.6214269001846229, 
-30.740426541315312, -4.42352605761405, -0.05822221283365338, -0.5309637779098383, -2.6946145636674492, 1.7711570396342164, 4.6460185016767666, -4.9322285218470086, 1.2474255440616688, 19.749913635797935, 1.883217097402083, 0.7002478606077827, -1.9803373962545434, -4.690791432246351, 0.48986119365633257, -1.201658794254018, 
-31.086912228539557, -4.597758006095277, -0.3486297455695123, -0.7884896975114929, -2.2160868416096053, 1.9130191054150407, 4.612971570277899, -4.98107009074862, 1.2218215358217, 18.994079534953894, 2.087650356518336, 1.1182667479819839, -1.6389229750604424, -4.832300276021065, 0.3334091361835943, -1.02794710795901, 
-31.50696792676365, -4.5011341010834816, -0.71915754328315, -0.8281619965492694, -1.7583241681338442, 1.9985758132515394, 4.410920369045867, -5.026321014454664, 1.0841819052877009, 18.418097812424268, 2.168257601903653, 1.6617196422272549, -1.5962368795034165, -4.956911962622195, 0.17663220038888738, -0.7110046462008959, 
-31.6663230615802, -4.501627584923904, -0.932947371972891, -1.0065933656370274, -1.39273211876316, 2.17796035721634, 4.308324200550274, -5.200242391945144, 0.9776887845315515, 18.111035882284657, 2.2561190200540553, 1.9332599683259903, -1.474872711221297, -4.903523570230339, 0.19683650748422046, -0.6363795144783295, 
-31.942985743919017, -4.29996799180771, -1.1873220750160718, -0.8637830330907174, -1.1530311316611315, 2.304331057238594, 4.085600014276831, -5.324854705877519, 0.7725544092988847, 18.006822302404743, 2.098389261054975, 2.107345713704361, -1.7869346341194539, -4.801016107945368, 0.10668644304312769, -0.4329875849291977, 
-31.903325601198585, -4.226940791839306, -1.274448790409159, -0.9111363321424562, -0.9557789016432303, 2.477735468790986, 4.001207723469224, -5.604055027967161, 0.670405194028191, 18.187683570477446, 2.0952748597391886, 2.132008510969895, -1.8934508999158015, -4.624389565686665, 0.33708400951685, -0.43400780166434905, 
-32.00926398896239, -4.020275672245654, -1.3681783675590837, -0.5967738751727719, -0.8995347179608315, 2.6146542408223152, 3.8237270488250976, -5.774937461584593, 0.5008233713187346, 18.612450618703466, 1.7798357861084841, 1.940002897164673, -2.437105790757841, -4.442259218461087, 0.39581564456645446, -0.30640381347902435, 
-31.916421175300634, -3.8908467447518293, -1.375014958474937, -0.4736924153720283, -0.7771583546985594, 2.776668048451675, 3.7381572873071045, -6.09508993138214, 0.4384074063383806, 19.22582457194479, 1.6489263264984189, 1.7919216398553155, -2.7187134236135337, -4.269539705845771, 0.7653018175495286, -0.24972665056161558, 
-31.961302310679276, -3.7185752639143366, -1.3720388439056244, -0.12167305681312388, -0.7274906937748788, 2.9374078559723515, 3.6075207534273566, -6.322915089723251, 0.3310690131629698, 20.039581820290895, 1.2224457903922117, 1.4511525429873613, -3.2661077144907162, -4.094395165860995, 0.9844030699480969, -0.087073323543648, 
-31.86302928122026, -3.5631738017872934, -1.3648423002300956, -0.057713430302556656, -0.5170163772166457, 3.116011743397198, 3.586797197305212, -6.781481971440335, 0.27968282079385226, 20.91264448750884, 1.1143852135390642, 1.377244063190083, -3.422547107995509, -3.9119002332809267, 1.543888022358894, 0.10197597128625137, 
-31.87641353596389, -3.388978989858772, -1.3477412148366312, 0.20585098453990086, -0.4097665092384612, 3.2856949467174474, 3.531643906772724, -7.05911481469286, 0.14855459238002852, 21.95305708986902, 0.640321922185957, 1.065214500401718, -3.8584614319089248, -3.720738088257794, 1.8788171094520836, 0.32789767146787513, 
-31.78885659269994, -3.1232309612354534, -1.3759470843835622, 0.22017618028220082, -0.15480185008874758, 3.43944264792288, 3.5664150273543345, -7.522666164294942, -0.03186618392020673, 22.92510845893894, 0.43767224874584826, 1.0725730452269364, -3.977169514159106, -3.447089631691357, 2.4214256360310435, 0.6293296849456135, 
-31.660157405797282, -2.9166191291545096, -1.3551954134153537, 0.2848362801897171, 0.04827497593946588, 3.5578536389693864, 3.6044412046306653, -7.775608365186026, -0.26363490512046966, 23.922735782860435, 0.013940220365970975, 0.917455628170636, -4.195992857694226, -3.1845521085629453, 2.819852068816848, 0.8399793102221587, 
-31.4681317058789, -2.543226526271303, -1.3811256040528812, 0.1875264829472398, 0.3754935008367592, 3.614541843427715, 3.7122784060605456, -8.168727899371834, -0.5968505257471342, 24.752574919562196, -0.20103830956324364, 1.0603828743883295, -4.234364709909486, -2.7899806055351064, 3.2955977254221156, 1.162342016360767, 
-31.16899575422002, -2.3506580968735724, -1.3105949110068709, 0.10074705831699764, 0.6599016056948854, 3.619732339581537, 3.8483646938642733, -8.312426791753305, -0.9346469984830795, 25.459850828977, -0.5609279266985193, 1.0443124185723747, -4.273167286059216, -2.457381635745995, 3.646356319392707, 1.2922837756010042, 
-30.874608868643048, -1.9554752002862963, -1.2943141340259634, -0.05625178734128294, 1.0276607351404006, 3.5536171607904508, 4.035272716206019, -8.58330871176919, -1.3641316068339968, 25.929501449605898, -0.7585192875217313, 1.2759415860742238, -4.251106860637205, -1.9985124689091243, 3.955689261151192, 1.5770658941564009, 
-30.42873078529233, -1.8154666606013616, -1.137068242656569, -0.17094468730199863, 1.3619395155076397, 3.4656749249911543, 4.2518484921129485, -8.61871448575328, -1.735363751879623, 26.17906167394396, -1.0213988477670852, 1.3553615578625553, -4.171181027506106, -1.6919014256304579, 4.17142705413355, 1.6049548505351388, 
-30.09030942224031, -1.442347748047833, -1.0429766594540912, -0.29548655532715146, 1.7346107428355368, 3.297553939504891, 4.450866288856557, -8.780135562508358, -2.1373739434689343, 26.16907239728598, -1.1643337607012771, 1.6047388974191619, -4.103759838518133, -1.2501572724088221, 4.235882837598133, 1.8063381021429472, 
-29.53791549645264, -1.4529144284465345, -0.7381135020167348, -0.3573835047353953, 2.068754935163603, 3.1607701471570815, 4.630288049555232, -8.657105954727031, -2.400358737485907, 25.796286708529816, -1.3257901412747821, 1.6569049018206807, -3.8642341234863355, -1.0765900649792375, 4.2067272789106305, 1.592940677992906, 
-29.14283491750271, -1.2231523145022694, -0.49300159141981065, -0.424191033409177, 2.39902754222719, 2.9358433866661287, 4.683466552503613, -8.616285920807494, -2.5764289575674324, 25.192566733673633, -1.4097328383259573, 1.7782531441440543, -3.6321440378036094, -0.7703409138023368, 3.974342345106252, 1.4991676012864945, 
-28.535971514862123, -1.2936544124528144, -0.018983396309764096, -0.39880811438840025, 2.6976967684307054, 2.7809088946905285, 4.673283430155028, -8.365149453149614, -2.5602089225562272, 24.24921296421541, -1.4677842521490512, 1.759211598085766, -3.1837744401601866, -0.7394306732597806, 3.7123669275921602, 1.0094102176732602, 
-28.181793732516255, -1.031534447859599, 0.32456504158818156, -0.4385900311148395, 2.937774381066245, 2.466887768422733, 4.4643362565511975, -8.185079045566452, -2.3846752686101294, 23.20954426025691, -1.5196838769243401, 1.7531897818019146, -2.7699752239680007, -0.4874343832539895, 3.1994073875155746, 0.7236970923118795, 
-27.534823861477136, -1.1019801870262051, 0.9570618977057269, -0.33741548946132743, 3.127977266525228, 2.3404779970156615, 4.245567082390095, -7.8393254791414035, -2.03061568750609, 21.963277354854103, -1.5120896556534218, 1.7109386378373999, -2.107679171304206, -0.6515777439657521, 2.891733045108448, 0.004036197328228879, 
-27.196311670511403, -0.7763713330827898, 1.375100216793802, -0.3508932965009828, 3.206137654041037, 2.00161823989502, 3.8269902200132857, -7.578262779197406, -1.4946177016901383, 20.805448737416103, -1.523818702602276, 1.654031561275688, -1.519823038588504, -0.5477812072845185, 2.3530661582387014, -0.3962450770977403, 
-26.627596799894693, -0.6036811664990288, 1.987683829122794, -0.21598431405198604, 3.2260997944284053, 1.8732547354309768, 3.5269619933290137, -7.327584658239678, -0.9404100492432228, 19.803063001529075, -1.4155852998768683, 1.736491556203712, -0.9007632768107197, -0.8245246127013841, 2.2124452485326658, -0.9793448120802383, 
-26.361698604941456, -0.17158628308107735, 2.3261809042608688, -0.20427717657577588, 3.110615043222156, 1.5480389243332335, 3.090431697614275, -7.122441870612532, -0.27859811077184504, 18.976433620300444, -1.3065480571439174, 1.7865333406609158, -0.3850366550217949, -0.8941206838527128, 1.8951947765253487, -1.2666227116234143, 
-25.93554648417552, 0.19451697176380228, 2.7725425387744123, -0.027541697266200905, 2.9909282169442255, 1.4463078904893094, 2.8229267903214907, -6.979068532779494, 0.25703623405472553, 18.51237972762573, -1.0169629844507748, 2.06087915631605, -0.016905169741397278, -1.3195690652255057, 2.0309545108381655, -1.6080030122420208, 
-25.801741047511214, 0.690751686289573, 2.849367421566539, -0.04888977942717224, 2.699962859664223, 1.0697599140964271, 2.416281916460415, -6.786944352496058, 0.8439306527428013, 18.159445501123777, -0.783392876372859, 2.177383327652527, 0.26931316644181763, -1.4732605325172308, 1.8661301141958817, -1.692689181944966, 
-25.58997013820798, 1.0783344421979382, 3.0518970957652076, 0.15987839465517367, 2.517514843611972, 0.9697917661268659, 2.1855857316290432, -6.66500072501983, 1.2230493248561212, 18.160891658154632, -0.3747994084955998, 2.504323690941116, 0.32567403805366907, -1.9540199599062091, 2.1394403529340336, -1.8212363288839173, 
-25.49758843797686, 1.4144108763459304, 2.9621756128354564, 0.21217753590876964, 2.153856707674538, 0.666684675945258, 1.8500617912202395, -6.437319365767395, 1.6008428863888629, 18.194250733827925, -0.014037747198264679, 2.669669983033949, 0.39093446926375214, -2.289582535296632, 2.204557255028667, -1.890097213251546, 
-25.553405886629154, 1.6594383493582223, 3.0803302897140385, 0.5513518340474427, 2.051073789968977, 0.6922121604043704, 1.6595990762351298, -6.325795208031355, 1.7781605477911082, 18.54225400403432, 0.39281981608265015, 2.97873296294805, 0.20386349301131104, -2.8135490449109852, 2.5956011077080032, -1.9387619672232839, 
-25.548320112868986, 1.7239812829040848, 2.90276222389066, 0.7072412239785674, 1.6992217482535732, 0.534339257415514, 1.3701995179931754, -6.0978619401140435, 1.9478660011405429, 18.812840809670792, 0.748194499517039, 3.1029934505848944, 0.14914629136125376, -3.244792098921135, 2.8249320114522427, -2.0664140591996167, 
-25.947589061655172, 1.7411419513244062, 2.9856952545963757, 1.1460739908954671, 1.6873333547802913, 0.711143629321137, 1.1770089576872274, -6.046578879306062, 1.951476170607833, 19.27870902833611, 0.9144842503121381, 3.2471592232578494, -0.09731013739150889, -3.594305843771425, 3.1705540027625676, -2.1074155546807054, 
-26.170024261402414, 1.5556078887501144, 2.8498552700452113, 1.461658798949669, 1.446863386205541, 0.7749937576650735, 0.9271927806369217, -5.921231780420226, 1.932132019975744, 19.674235439717815, 1.071815263982641, 3.265216186593805, -0.19375470494990532, -3.9392083437800838, 3.486705950224425, -2.281994194973943, 
-26.90964708517651, 1.3856944496295946, 2.9569979870813294, 1.9780309147728008, 1.549855382617076, 1.1412829255642116, 0.7350470400821333, -5.987778703440891, 1.74314696262112, 20.173079573495354, 0.8526308533190872, 3.1844333837570624, -0.40874189841547154, -3.9491811536765407, 3.715414377892919, -2.3211705493969235, 
-27.209075043055837, 1.0303462975410234, 2.824377318326334, 2.3372745065148424, 1.3150119189171166, 1.3485756375177997, 0.52029164092976, -5.9853543907321365, 1.5608156744061172, 20.584970670589257, 0.7824455050278948, 3.059110354372793, -0.4497984900808221, -4.105824763287532, 4.025663633956091, -2.534838135805327, 
-27.979329196290436, 0.7561701430500216, 2.909204521302049, 2.786220376656637, 1.4073744933531993, 1.7716165666212411, 0.38828600999584173, -6.1561451907449065, 1.182480293869833, 21.013678056146567, 0.2725961775553554, 2.8034167451446708, -0.5972162535492427, -3.787600749764715, 4.112145670795989, -2.556123395849081, 
-28.121575417910883, 0.3520884666231734, 2.7524210757623564, 3.0526908915306694, 1.1107243882388165, 1.9734663074793808, 0.25042327669063225, -6.2375124054702775, 0.85568118855493, 21.360818016023185, 0.06998886958196596, 2.5798738074040735, -0.6044042905713785, -3.74962492875077, 4.336904718596246, -2.7642278546037846, 
-28.766319932426374, 0.16885229214707345, 2.817167296793511, 3.319568422657428, 1.2753384558907255, 2.3743702378074825, 0.18829658986962608, -6.469234176694098, 0.2945775501949057, 21.732875858009045, -0.6383548415039955, 2.25802663543884, -0.7975574620590665, -3.12514610886417, 4.2384563252050205, -2.679861473180311, 
-28.621560957611255, -0.13701240467036568, 2.647943599257875, 3.442668666156445, 0.9520106560828153, 2.4704504319495664, 0.10420420801646763, -6.571073336609937, -0.12829829535034631, 22.041278623936147, -0.8786514434837294, 2.024856399077651, -0.8486242573652746, -2.9681153010987686, 4.35090256825765, -2.8426544772186193, 
-28.906673738979546, -0.21767177233609902, 2.6501521953859575, 3.4605293092018887, 1.104154804119636, 2.7096739179933524, 0.10044630290560139, -6.741590812493279, -0.7589362288365858, 22.29287236712777, -1.5564647119705202, 1.6705469664656925, -1.097228909447747, -2.2492541721293993, 4.056754708822842, -2.6809239259971367, 
-28.57320498248129, -0.39919505320033594, 2.4725951384395053, 3.4822723698818283, 0.7973899036468297, 2.712056411900202, 0.054931892955778765, -6.852306878512357, -1.2809108692026647, 22.588136707900254, -1.8282167192165617, 1.413149663050889, -1.2260217995977434, -2.0016212707406096, 3.9729344807514813, -2.7319456350990015, 
-28.662411978562172, -0.37187522301051495, 2.3754479342529815, 3.29302091245716, 0.9909650961795282, 2.8255746194107316, 0.106870889404461, -7.009261940870462, -1.949262978018014, 22.82350565467588, -2.3868367221001208, 1.0907464070305972, -1.580384192636273, -1.29584212100598, 3.493272416349149, -2.398977949161651, 
-28.30583843723472, -0.4335574923966581, 2.1572556755176637, 3.2374431670727706, 0.7264812966721718, 2.7635607247534857, 0.10126343025936128, -7.170473308485169, -2.515857481472358, 23.161993164745798, -2.6030362706650996, 0.8613083533349438, -1.8023384415899248, -1.0490223295170313, 3.2247952109638858, -2.2617042167995627, 
-28.276839912996902, -0.4200038462643554, 1.9108719700942935, 2.8853985160292543, 0.8124630823860584, 2.679779186228269, 0.23981820481492305, -7.346035560652273, -3.083922870321624, 23.487057547490245, -2.857453426595452, 0.6456612783785058, -2.1921799544512433, -0.5455417323462, 2.734953765732698, -1.8230959706732466, 
-28.061960641482553, -0.4653863197117447, 1.6097811444014007, 2.7170599494276404, 0.5400492630457058, 2.519644928061601, 0.29693057568306, -7.584927323773918, -3.5560377955438627, 23.924662280183867, -2.8753247194653686, 0.5201574620603274, -2.437322708437376, -0.3882034935256526, 2.4255879252905017, -1.5759381582945888, 
-28.159661979438614, -0.5569969296340304, 1.1955436363662357, 2.2132469611751464, 0.4941275884194987, 2.216047144376532, 0.5176529652266214, -7.823948980658972, -3.8906821505946594, 24.413273252200945, -2.7457805890561446, 0.5274772445258024, -2.7660304394772135, -0.11270435949029647, 2.0979603188686555, -1.1755241149448448, 
-28.174641430188924, -0.6546741199685638, 0.8787891804443796, 2.0755945810469583, 0.11205619194101211, 1.977814632228207, 0.5780673417929101, -8.14073655008694, -4.158064858487342, 25.010633833353914, -2.535606295456887, 0.5573269375879479, -2.879408353907291, -0.13895850149447034, 1.9369405518499951, -1.0174927768463953, 
-28.46681324101157, -0.8721823296578234, 0.4759450441005874, 1.5638485920978842, -0.026354149219912675, 1.51019897772297, 0.7750068594709494, -8.352372458984682, -4.15764520076241, 25.552678395643717, -2.1112688662789885, 0.7516516802075683, -2.9656434279615893, -0.07501686574818703, 1.826882361330136, -0.8905638932923863, 
-28.74670693878336, -1.010540605651441, 0.2522867190372759, 1.4415287959797662, -0.384647276215965, 1.1978899022504226, 0.8120863151262905, -8.632953430886642, -4.138689435156107, 26.169662897778306, -1.7763735571022379, 0.9229331348142947, -2.864417295468185, -0.1846976625988327, 1.8241569877894155, -0.9205877097831865, 
-29.20231087778194, -1.2998804031447255, -0.05836006814975631, 1.0014859516022991, -0.5699103241851052, 0.639392960680241, 0.961996746090761, -8.758776762254776, -3.829045074032606, 26.67829154787426, -1.2149449484988057, 1.2877820108611406, -2.6600273746495224, -0.27356306221490034, 1.9153227275373887, -1.0851768587192996, 
-29.64105507114748, -1.3786182479123443, -0.059325617836707895, 1.051451780794921, -0.903514202837885, 0.43511335155958397, 0.9368812754182092, -8.973437813630479, -3.6372554619881274, 27.231489243499347, -0.9748862557029025, 1.4983130591060798, -2.336644954279767, -0.44811629785786916, 2.0108098287607286, -1.2459013346985799, 
-30.148958371761466, -1.6063751218883766, -0.23173075425351927, 0.7237924390702636, -1.0971046985432436, -0.05128355624108012, 1.0516036833311884, -8.989645627517397, -3.16321013071288, 27.61965513024509, -0.4832640587620061, 1.9748169568405132, -1.898993060132672, -0.6327515082695997, 2.233548088605762, -1.5340667140319593, 
-30.626723204036114, -1.6046314122429464, -0.10182317237093509, 0.7509345836125554, -1.340485580568879, -0.15153751247746414, 1.0598158620889075, -9.087580914494104, -2.857114523454396, 27.953381527585634, -0.37427374758874593, 2.243325655039005, -1.475085406466379, -0.7959394412977451, 2.3854012855055964, -1.6830218352415627, 
-31.005122224176823, -1.706200830872364, -0.18408605632084987, 0.4922053221869935, -1.5280196502070484, -0.4880829684478876, 1.1689827771090293, -8.996594353903015, -2.3310397125963562, 28.158549395195084, -0.025608826514053478, 2.7881672740127477, -0.9775743342346505, -1.0535636593205517, 2.6914974048616243, -1.974324950128397, 
-31.40480710421326, -1.5920495755212434, 0.02578854954426803, 0.45461217286842426, -1.6878873096956053, -0.4422077380889595, 1.2580818831185387, -8.99869746446015, -2.0139773111154184, 28.160319440036734, -0.08396397293110124, 3.0916123792935686, -0.6000253283065033, -1.1810487072451068, 2.8208440692033903, -2.0115612868764066, 
-31.467607867800286, -1.5478890999438883, 0.002742088988137048, 0.20315001283559195, -1.9332113430050153, -0.6009109372305335, 1.4022042378584503, -8.808135346791532, -1.5234923906352258, 28.133736807911475, 0.11779882826372787, 3.6380003571708013, -0.21242382440155835, -1.5113367664569008, 3.124179512540131, -2.2757329000489066, 
-31.65692211392663, -1.305371179048255, 0.25874929625201476, 0.06902422677622905, -2.047923693381204, -0.4258532830223268, 1.6103084814940694, -8.722502112111684, -1.2668866763337463, 27.728325694342715, -0.06595639166178645, 3.9536005291571312, -0.052560965234688686, -1.5993798714647462, 3.1643839391772435, -2.195565307488499, 
-31.32804677030131, -1.1433677547781935, 0.2569173704037003, -0.14703878466331285, -2.362388352362137, -0.4125340637638937, 1.8064558849749521, -8.459858448494549, -0.927651374996948, 27.43826478642047, 0.030259809060828403, 4.402977030739462, 0.054965282568452345, -1.9984650126044634, 3.3723300517252612, -2.39491633787592, 
-31.03818840994214, -0.8611363092918903, 0.4299778557843213, -0.33371639726521607, -2.5530944870330186, -0.23204445491013995, 2.0754235542702615, -8.237065385436273, -0.7556580647284803, 26.830540836021683, -0.06542424472972576, 4.682341674866841, -0.09576080563584134, -2.226292708739488, 3.3700609452469683, -2.35718287949306, 
-30.407610912204145, -0.6448997700063316, 0.5338655503342002, -0.4052332421816745, -2.885551339417148, -0.05284853631288543, 2.2870346350908406, -7.916354594129547, -0.5815508212394571, 26.381532639127055, -0.10097659351131882, 4.855314634875928, -0.33514307330328647, -2.6781420245821312, 3.3971609913949012, -2.457684312612001, 
-29.9766973712922, -0.35548381730145284, 0.7427610173323467, -0.49301998089353216, -3.0500210085759663, 0.21416323599771178, 2.5537953666104096, -7.661525946029746, -0.5000738559503691, 25.66666897264696, -0.2683826070230736, 4.905916357910567, -0.7672966889155489, -2.9336698598313533, 3.2292241523344325, -2.3272664152291234, 
-29.502802160902025, -0.22846090502418925, 0.9584534701586571, -0.35885606506622103, -3.2806130849023805, 0.5244162389998865, 2.6989957559744138, -7.360210807712039, -0.39945248343813883, 25.196458032772906, -0.552584055981871, 4.714951012059224, -1.130325838871193, -3.3149313669246596, 2.9819144613601285, -2.3289234868871613, 
-29.388661265475896, 0.0689739842841522, 1.2645531194648112, -0.39433930075234586, -3.2179896604198266, 0.8012583015756594, 2.8996940123853503, -7.151927644654098, -0.3108204142130515, 24.383938095030437, -0.9156578822372945, 4.573907736835015, -1.628080019611173, -3.34133326993708, 2.581810828212286, -2.0444176651633823, 
-29.507567720961617, 0.045488156925241933, 1.604574356495522, -0.026038991817677618, -3.3263286955853926, 1.1939866906324166, 2.8364176895795192, -6.995442183384227, -0.23942251065597617, 24.177055344462524, -1.6118589020740928, 3.924128736642092, -1.8143896323813629, -3.3941767480728795, 1.9673290348863632, -2.063204890229052, 
-29.83313419507744, 0.303328832502311, 1.985386332663015, 0.015451808201274229, -3.126168164774052, 1.4181679376576353, 2.8576429878300686, -6.886853167828527, -0.1386770457749341, 23.576811417752914, -2.193718590362747, 3.533432446650247, -2.1540852678936235, -3.104888311383729, 1.3187362055151404, -1.808170575120924, 
-30.53665431548731, 0.3435228602753506, 2.3895323945024645, 0.4203381950020434, -3.035225917040459, 1.7617596437695313, 2.6380345928900755, -6.942652531324559, -0.20086225967012158, 23.54811106615284, -3.097267035932607, 2.696581807032819, -2.192703602525972, -2.6542399281783218, 0.4385073971281582, -1.7642558590409059, 
-31.12549095486155, 0.6435612311103295, 2.6978176298662384, 0.47095702141023416, -2.752616733553891, 1.8930477081771648, 2.5649470956918217, -6.974770031413105, -0.2156711065244973, 23.259466291173904, -3.5990622192994666, 2.3197743584192563, -2.4331214508980388, -2.1799732535760965, -0.22711990530054388, -1.5005928065283418, 
-32.0565541048899, 0.7588571473674018, 2.966976846699579, 0.7972561390090375, -2.544719548476509, 2.139385815726897, 2.3525349425008533, -7.212279658878903, -0.5048449964544429, 23.439224900621628, -4.283175960790629, 1.6511711519422452, -2.415946870256399, -1.5637582177382041, -1.041583754507555, -1.3145674052944052, 
-32.649276326437196, 1.055189288828087, 3.0310139492454895, 0.7654210676801966, -2.236372421274898, 2.180994813815407, 2.362456411143905, -7.3523351872045986, -0.6530321173274549, 23.440054623180878, -4.39021483990574, 1.6491604165508726, -2.599317674835123, -1.2100333607166154, -1.3917417071364029, -1.0169627185292656, 
-33.62946373416727, 1.219241872266398, 3.064979314490485, 1.0701581152255737, -2.00133577584324, 2.417481002760661, 2.261612595506448, -7.799503957179246, -1.210949559626597, 23.930355946594336, -4.699591059211874, 1.3550499651344643, -2.5460618628829526, -0.6788329502689122, -1.8850017468592295, -0.6987204730625384, 
-34.245859340465145, 1.4206393619123658, 2.90368148354447, 1.112766167689708, -1.77240854959084, 2.5365022099602936, 2.3308886063261047, -8.13009284999885, -1.5846020096683255, 24.344795564399693, -4.5684303879154475, 1.5927691506300499, -2.567237715170365, -0.4530023167138179, -1.9072281449722732, -0.4306405788947692, 
-35.05589969995958, 1.5843518757012018, 2.686785464795693, 1.3143436767590564, -1.5589174293272396, 2.823330591823186, 2.342771424502236, -8.678471253727231, -2.2709230194611045, 24.920720925785137, -4.5398676295649585, 1.6757960976253699, -2.4266278002454813, -0.08672035749832954, -2.0229856341496206, -0.06885924239236607, 
-35.46142474800279, 1.648623573792419, 2.325458438005248, 1.2888491445541894, -1.40759890244076, 3.005266857774207, 2.3993346822648243, -8.99529694851892, -2.6203499574859657, 25.35623516436326, -4.228771414589592, 2.122409474083271, -2.208179592226272, -0.00679863063284184, -1.7203800872701347, 0.030424976984703325, 
-35.87544281084989, 1.8006017504846088, 1.95243231775677, 1.383158640240653, -1.2241925389491513, 3.376593059666754, 2.414997616703864, -9.486301122948332, -3.345047639786232, 25.844800635235956, -4.041872208663507, 2.3492202857979305, -1.9885410076587011, 0.22764958644165903, -1.555975345108083, 0.3379145942632264, 
-35.941697233050874, 1.7913861340422554, 1.455657790281453, 1.298340513532292, -1.1189793110367032, 3.681252618751959, 2.395405629170354, -9.742118663454322, -3.7691257267714438, 26.24693937421782, -3.7080533768597777, 2.7223293217115487, -1.662036503254047, 0.26652881178025306, -1.1328941900655665, 0.35546130549224864, 
-35.80777289655363, 1.9412648181234844, 0.9622811161166998, 1.1981561478056806, -0.9173734437830108, 4.108958329036096, 2.32196559652571, -10.018885333700537, -4.41409521994027, 26.393334774840003, -3.455662638320188, 2.8888289269464518, -1.404523797995255, 0.39359233293516355, -0.9100415655950669, 0.6285365443325438, 
-35.42152308314638, 1.8907467129609308, 0.3830640516001391, 0.9847471485273621, -0.8044017137876537, 4.482477495543737, 2.192288384065724, -10.08689093210021, -4.785928852656149, 26.56728713696194, -3.1350522451655713, 3.0684872173875144, -1.0705176045815845, 0.3785054367671509, -0.5267951253018655, 0.6121342759849714, 
-34.71754538460955, 2.0249306877621143, -0.15271644952160696, 0.7011354305841508, -0.5722997864517742, 4.835932453329919, 2.066718161969415, -10.05706239373866, -5.286600872655707, 26.319609052741477, -2.854927257508369, 3.0903848603353636, -0.9599297783952746, 0.3831833619119644, -0.3727668291676694, 0.9067657927621624, 
-33.92580862880884, 1.9571975167802609, -0.7165857502430827, 0.36312325721881084, -0.44275672650616704, 5.125866059306698, 1.9215868256368662, -9.893951397522693, -5.584488820199925, 26.13533837809057, -2.539764770484668, 3.0238206900763323, -0.8243992407921028, 0.31329588462333297, -0.2110142529912975, 0.990878787269237, 
-32.75362771912478, 2.073670643105345, -1.1562813229004494, -0.053953282229842414, -0.20632710986049635, 5.27417001833612, 1.8784610298638191, -9.571065270574245, -5.900342703113453, 25.40067715156405, -2.22083334404847, 2.858172060847528, -1.0412867616641237, 0.19298286980618337, -0.22758525857561385, 1.395863024495531, 
-31.72589295671471, 1.9278379654323945, -1.591644961356858, -0.4257367160513944, -0.13023753890758014, 5.3469384716967765, 1.8542755177729966, -9.207622449798434, -6.063403358772533, 24.870369514841958, -1.88864253910646, 2.588512570238856, -1.2111775426151687, 0.04087026163829287, -0.2762239187671622, 1.5997807915554674, 
-30.450899535486013, 1.9025105364105894, -1.846491173570182, -0.8486537415311931, 0.01806697392553624, 5.129637536933315, 1.962196819658056, -8.654518522508932, -6.095635590653127, 23.826886252313635, -1.5128616403313144, 2.353603634709601, -1.7122013696355975, -0.20795959388085528, -0.3677706844379196, 2.022054327406878, 
-29.508322978509106, 1.6368743190327322, -2.071220522162569, -1.1517888767603741, -0.007694778053069974, 4.877948232525483, 2.1071742076098676, -8.183591811777486, -6.055494525184432, 23.1531560353606, -1.1724456536324832, 2.0601061910462173, -2.107114824575359, -0.42094835848100515, -0.4253667540376494, 2.270971415456984, 
-28.48733821382846, 1.4544507693530386, -2.094849099341284, -1.5064759533133714, 0.036667999192924385, 4.246429531815243, 2.348436503799561, -7.524912125734313, -5.744535378354381, 22.244915800071833, -0.7699554777250892, 1.9658513980549328, -2.7018537364883337, -0.758819294409774, -0.21613138647659103, 2.6170547438453533, 
-28.024273004314495, 1.0587621848180424, -2.17170710164144, -1.6827346580070668, -0.08200508653119995, 3.794069649409185, 2.5300747240538373, -7.117113176733417, -5.499655915264244, 21.961195524721493, -0.4716745418969374, 1.8129158345170735, -2.983974009677795, -0.9663056032140223, 0.01662077226778573, 2.7597460859714227, 
-27.62515324565578, 0.7319808245745495, -2.0569277068743914, -1.9446792565522402, -0.07529690586548207, 2.999271742923074, 2.7457465477613825, -6.545459736402614, -4.860083439421952, 21.718228437599866, -0.07255465921503591, 1.9901345532296468, -3.3077147861711875, -1.3560507265764596, 0.7938038133426207, 2.876506920396581, 
-27.73011552443647, 0.24128175041863711, -2.03263848854277, -2.074479133550714, -0.196409929899513, 2.4640787293417485, 2.864167351061866, -6.238534571766684, -4.369600189244963, 21.960240087823937, 0.21209327415457033, 2.062029099822814, -3.3017770101389408, -1.5845948929567741, 1.4661414796435073, 2.8264451239151045, 
-28.12887054762192, -0.2858449235697157, -1.9023953014252244, -2.246038069120892, -0.14994875983276834, 1.750638178364555, 2.8800537054978497, -5.857566199642038, -3.4436631561454227, 22.4040943141375, 0.6115986210530306, 2.4323334390801503, -3.1480731873932504, -2.002627449617709, 2.6766616989863254, 2.6069191743250673, 
-28.77253186050604, -0.8569896157493244, -1.847154116167209, -2.2953688100367136, -0.23440675234012112, 1.3638345157124865, 2.8035167002855035, -5.724902502932445, -2.844639002031782, 22.95683262051887, 0.8596438923256386, 2.580726771083832, -2.80491824801429, -2.181052270695384, 3.4513344633995304, 2.2655463206698285, 
-29.744347786878716, -1.5209579201115295, -1.691142361230402, -2.349603360976657, -0.11978881556860567, 0.923908640760734, 2.5507588087950377, -5.538115538878112, -1.8309888125710263, 23.64096066168876, 1.188359958634672, 2.913898569100473, -2.268252552283695, -2.520138526400641, 4.621302491988573, 1.6498356666611753, 
-30.65934687446661, -2.1116086132798655, -1.5524763588774528, -2.3177806856014493, -0.14444840505492643, 0.7494249048159295, 2.242594073759407, -5.496213839336368, -1.2440122167548555, 24.06551656550326, 1.3409732780560948, 2.9454185389993803, -1.6921160690281305, -2.562648437121112, 5.112143479750617, 0.971845116041328, 
-31.69508951889993, -2.715523820950463, -1.3206107456314613, -2.252163502531123, -0.0011203992911383845, 0.5603226533452262, 1.7886170533625665, -5.41421334997265, -0.38599311533407515, 24.51555202675395, 1.5065469817642412, 3.1333005413029493, -1.0438778652240854, -2.6936051019959804, 5.872731079923302, 0.0036544040788698434, 
-32.43499746231444, -3.135365307793161, -1.0905406564809006, -2.129323561422993, -0.02855004325689224, 0.5232672534152851, 1.3847944765925961, -5.391367031370255, -0.009326275712445948, 24.59097143899207, 1.5285792320594696, 3.0409668981815643, -0.5025942387243045, -2.563791672736776, 5.9710046489000925, -0.7882475791192092, 
-33.25541267548821, -3.5595992262169394, -0.8365069689179389, -1.9625099327489388, 0.06875355528419846, 0.5240047472192169, 0.8868399347940894, -5.395031385145814, 0.5462096592081821, 24.77034915839843, 1.536881819299185, 3.0970843193804374, 0.04883219691815698, -2.5020222144590747, 6.339894027418202, -1.8104059462729951, 
-33.53219724733638, -3.7024128475780227, -0.6004016972061029, -1.7857679018137111, -0.03965182441225168, 0.5173070105126045, 0.5660080822144322, -5.390706478669456, 0.6647729915815345, 24.57718582719613, 1.540469320842781, 2.9711860779336337, 0.3214631055088653, -2.3214706922969395, 6.216676455795962, -2.384563670756427, 
-33.82187905775012, -3.8058210528260434, -0.4423355362187143, -1.5966339202041728, -0.07254325068455204, 0.6084558040308453, 0.20384071863457917, -5.487969529577205, 0.8376558298067461, 24.55420073162554, 1.4873785661787324, 2.9457175099712996, 0.5389179617861202, -2.1549992642899483, 6.271099140512396, -3.0533711735179905, 
-33.545699800282485, -3.634139141057076, -0.27012528883816994, -1.4602773876812636, -0.2834115460960536, 0.5578953734375305, 0.024981910392987215, -5.523169234510763, 0.7596440674670204, 24.204785243860428, 1.566758834533685, 2.7961304092237134, 0.4678982832039743, -1.992809641047542, 6.031743829521113, -3.1689611827977506, 
-33.28255223161732, -3.4343039200310366, -0.19886121220768171, -1.3541296339862312, -0.42672687194235737, 0.675906875849148, -0.2155638678366594, -5.715506147453212, 0.7081083103246391, 24.01395665542064, 1.5215054526132565, 2.6557147706493573, 0.3582882576048956, -1.7694941151052404, 5.8175458029755855, -3.4307338320576424, 
-32.62602807465982, -3.0258921002473462, -0.05932273712743739, -1.3214003231098284, -0.6934414636597152, 0.6229498516331741, -0.3163241685954028, -5.852906213580192, 0.5757834510715154, 23.61845262995961, 1.6270574958179977, 2.4230528836161267, 0.0636763363484924, -1.593813166641929, 5.471358649154925, -3.1830212938286886, 
-32.00652509494621, -2.6128845431450216, -0.010147785383130773, -1.329086031412177, -0.8708050012741257, 0.790169066713599, -0.4875690853691037, -6.151133391895717, 0.438760362094138, 23.341160674619715, 1.5379429760376093, 2.1408515567786757, -0.2110959482493903, -1.3096900001336522, 5.011948540086162, -3.1126902915766475, 
-31.221207857093475, -2.103152275399913, 0.16228955278214566, -1.3949814380947614, -1.1278977730853441, 0.7808359050105215, -0.5363509277129972, -6.385654818051585, 0.36009456154187264, 22.96678318789099, 1.6135152976946232, 1.8113475563169168, -0.556949644555246, -1.1425355094179883, 4.583337276058087, -2.602744700546246, 
-30.540960381008546, -1.6494978686426482, 0.23498847984099783, -1.476147053182097, -1.27087500597428, 1.0264078732039437, -0.644189500740899, -6.754958830409669, 0.25829468521035936, 22.696413451177744, 1.4352749539278036, 1.4143521266257948, -0.8308071193266544, -0.858158797233232, 3.9673324832067727, -2.3304448982780177, 
-29.88132543174628, -1.2088970995861008, 0.4494367321467365, -1.5796394477447575, -1.4659293365659023, 1.1233033544202407, -0.6385085908122263, -7.058224972669792, 0.2511776714797993, 22.442398611605142, 1.410839662746619, 1.0179580606643164, -1.0969598754414076, -0.7321144459188941, 3.5084064977107148, -1.7396114271194791, 
-29.38126281831082, -0.8724929534131157, 0.5460923560364925, -1.6547686750124841, -1.4775464825042124, 1.5150540802338934, -0.6684618173270993, -7.444368295785148, 0.1825398913577689, 22.3116771001916, 1.0868213512353169, 0.5984518468417396, -1.2497724326089468, -0.5161521694008028, 2.8494872552698123, -1.4599486417434668, 
-28.98061496361554, -0.602424526206081, 0.7957247700687972, -1.7407738958142789, -1.539718098471753, 1.7428813740239264, -0.6036939295828265, -7.740210695667939, 0.20339673190918112, 22.244125941165255, 0.9422282652741524, 0.24480664422194504, -1.3524048985387713, -0.4855618310270706, 2.4976089517811078, -0.9208456258500257, 
-28.738028836845565, -0.43742201319100155, 0.8768364350422453, -1.8220250641827271, -1.3140348996543918, 2.271462799810673, -0.5888060114248099, -8.027994552631368, 0.09861161340581462, 22.252918596799173, 0.45131466739803255, -0.07862543792105955, -1.3177581293533092, -0.332006145949466, 1.8669738413548953, -0.7974235220981043, 
-28.558139785936426, -0.3069586375090821, 1.0989662779628846, -1.9192485132307977, -1.1429154440006393, 2.6434156990903843, -0.5192512088585751, -8.228304157921373, 0.06283336813311476, 22.334740571729874, 0.1396372367641593, -0.27593358766422277, -1.2216133046656983, -0.32705062423579107, 1.646126218189918, -0.51473875819644, 
-28.480078288032836, -0.22124661643568802, 1.1678856148880825, -2.0611117011663764, -0.6531356258613037, 3.184992912413429, -0.5090752536856246, -8.2960308772705, -0.09813386903971871, 22.443787171642047, -0.44398586451468125, -0.3851753932755885, -0.9763997455057172, -0.2055391053358306, 1.1792737591836162, -0.5848063836194697, 
-28.412607327276273, -0.09876959940059363, 1.3598963996024531, -2.2279370771767235, -0.26573315069054876, 3.5641428162492357, -0.4813334884946144, -8.338031344251814, -0.21645134727015533, 22.636603375963283, -0.8477446285928445, -0.3457493530022661, -0.6914499839528628, -0.15928796776701784, 1.1832411510469365, -0.5235243069906034, 
-28.441076798831954, 0.06508198875131212, 1.416166482787261, -2.460126124696716, 0.4700525491811684, 3.984783843495317, -0.5589379449271036, -8.143125371933259, -0.41667620237427616, 22.792405234874487, -1.4406908785274235, -0.1875719436196492, -0.25601038150631944, -0.010769973751313599, 0.9115016132383097, -0.739973352703643, 
-28.44305861989946, 0.29495027187618156, 1.559206878010063, -2.6888754577008793, 1.0717105583681572, 4.287288904787211, -0.6277221826365329, -7.977694173215445, -0.5875930230828726, 22.98467121154506, -1.8978719070380585, 0.07957883578435777, 0.16147002296090499, 0.11768389083014388, 1.0293018891057668, -0.8767011888572068, 
-28.56240014862159, 0.5774450428719998, 1.5984789632079401, -2.9483034103740713, 1.9460452240175954, 4.517180206622493, -0.7978161821906244, -7.551287587270767, -0.7731521347489717, 23.14218332953809, -2.36207605104603, 0.42920143149779405, 0.6631266265711748, 0.23658696239251517, 0.9379889566529778, -1.0896512056245662, 
-28.656994931624666, 0.8803606248655739, 1.6858516573691888, -3.1220361950579876, 2.602662750201254, 4.703948656922871, -0.9172878262934576, -7.274923054446357, -0.9243022612448981, 23.36140502843324, -2.704380733798189, 0.8055665887085318, 1.0108483197360123, 0.3212585168930304, 1.2028746597195794, -1.2246028927058, 
-28.936005725331466, 1.1667267661768053, 1.6847180710902319, -3.2529399815423754, 3.4502179719514157, 4.8041800768894785, -1.0953342463776945, -6.803637800221502, -1.0226491210985806, 23.619910989366453, -2.8712758710511577, 1.2042612290803207, 1.3260888302158509, 0.2192153145826123, 1.3242060763143235, -1.2340457846398318, 
-29.160799621055585, 1.4002382860028464, 1.6211971811942532, -3.174726350172979, 3.9440004335109804, 4.963546369590391, -1.157184741308976, -6.633200002211707, -1.1159947655619407, 23.93309052629292, -2.9373292627264305, 1.5352918562751798, 1.2935485219601939, 0.07573214732225236, 1.737791953515774, -1.199012549843878, 
-29.539536453456783, 1.5608854739367486, 1.4762695213933852, -3.0108679883643723, 4.509164980845277, 4.993791115283859, -1.195001399180849, -6.32870676322935, -1.147396122304067, 24.360490427040613, -2.6738454345057376, 1.8674275159181197, 1.1149520205727628, -0.395163766527648, 2.0792147037505266, -0.8601987612372548, 
-29.77459967364419, 1.6447663249697075, 1.2311205076602212, -2.6047556705099906, 4.73049641301116, 5.098924372071827, -1.0658635058281363, -6.325233706884624, -1.218386787149418, 24.764862814638214, -2.3840610034441494, 2.0972897979692795, 0.49056283813381174, -0.8559276720166293, 2.607777556046639, -0.5596994480166387, 
-30.080931200353074, 1.6461048229409176, 0.936594071098079, -2.1549567303719166, 4.924700356529246, 5.031593424402762, -0.8241005350747569, -6.269686331034635, -1.238304409358593, 25.391747927514924, -1.7028814862144583, 2.384781426587263, -0.30096851999447294, -1.6621699366364617, 3.260135064412345, 0.13996587646915357, 
-30.10519563439942, 1.5908485713579308, 0.6039372105030194, -1.567831281712849, 4.822457361082907, 4.982743440588432, -0.4531178465973795, -6.40425430774148, -1.3262113495461207, 25.799848877452284, -1.1579818083510167, 2.5357804158703035, -1.4144601143871047, -2.2857726704247616, 3.911586975027786, 0.6256543984496122, 
-30.054170787693415, 1.4325941895954708, 0.3448057909526565, -1.0873449464374185, 4.635074732266476, 4.734544255408769, 0.018512768975116382, -6.4762430067944825, -1.3080242870363346, 26.27570311752998, -0.35781850892434863, 2.7173237245228417, -2.4661442005930696, -3.1107330897957293, 4.6914075384803, 1.3809859930638808, 
-29.69167157134258, 1.2441599242912171, 0.1577842214075757, -0.5740088243390953, 4.279817054021877, 4.469923403914477, 0.5146864678850431, -6.594157457480749, -1.346015536187153, 26.328190063972166, 0.09523464292061522, 2.7104099817674965, -3.619185240856885, -3.5542955200474666, 5.251760118809614, 1.7110439730033327, 
-29.310324148990375, 0.9323706602606534, 0.19618721758631635, -0.3533051661980381, 3.878295694558947, 4.037690620769577, 1.0921478532135562, -6.658790282823994, -1.1924391307368565, 26.470661063979392, 0.6469408997663681, 2.7444063309274833, -4.388897926004346, -4.089454896785039, 5.966253500637286, 2.271095323602674, 
-28.691938949063093, 0.6273974030478406, 0.2757958010955174, -0.060381908584266716, 3.432330510325955, 3.6313769298831162, 1.5874143529802083, -6.697764539472648, -1.1840637921818211, 26.076638137022695, 0.6770792572156346, 2.5361042289772238, -5.2050644295380755, -4.070950695604084, 6.230647503028565, 2.22468111657422, 
-28.222199157518066, 0.1913093289361836, 0.6552691085958009, -0.157750250175872, 2.975045112469184, 3.152039031555699, 2.1848685778944614, -6.792516565082606, -0.9424024315248943, 25.9652531488171, 0.7342814562835239, 2.3987185226353214, -5.43955152825822, -4.101936920778689, 6.734596656942441, 2.4760069185534923, 
-27.690983052880664, -0.22175549284441384, 1.009946661550915, -0.18260137893278072, 2.5563733430924613, 2.7094735664420875, 2.6813131090313647, -6.836875900604329, -0.8778746671899232, 25.489809872745408, 0.4064426131600014, 2.0886740848154495, -5.678736159883853, -3.7004926125808995, 6.831643614879318, 2.279091424286408, 
-27.379633362426596, -0.6723132261848864, 1.6285372922446684, -0.5088909546222555, 2.1973838697717882, 2.350281001320099, 3.204109626348478, -6.988263316837466, -0.6447862039864456, 25.233325515964587, -0.016366610244289426, 1.8013924316946903, -5.384913645567863, -3.219376525289105, 7.018981900991924, 2.2107943016318217, 
-27.048254336368686, -1.0278340023228885, 2.0354295139540928, -0.552236125715289, 1.95421178167525, 1.9953873934041648, 3.593437149286002, -7.026551746585906, -0.664549571255812, 24.743811963234457, -0.6312091704934708, 1.4319923050898085, -5.354555360708016, -2.5136658069138216, 6.835780163134045, 1.7835659793659988, 
-26.99652040745161, -1.378797736124817, 2.6749395163753262, -0.9221905015432241, 1.8415893294318346, 1.8202225973295774, 3.952828805597024, -7.189721922156138, -0.5046358613763872, 24.421347553346685, -1.2355912898371586, 1.0985351326898014, -4.781181247187085, -1.799377247274538, 6.68580989392375, 1.4899870551005066, 
-26.97252977201354, -1.5885561769021321, 3.1356688824717462, -1.0623776782582501, 1.875622088589116, 1.681275527814459, 4.169234739463791, -7.262616718365221, -0.4538443777856079, 24.067524699881066, -1.8089006347462344, 0.7982365200846455, -4.401845301736758, -1.1224853962581787, 6.3691585287975405, 1.0323722732836338, 
-27.189274297202672, -1.7367635656997242, 3.7408315503744536, -1.5246516371107215, 2.087232142787454, 1.8135052807349605, 4.264663887343429, -7.425478310573983, -0.25935483246927715, 23.73215023363226, -2.3188314812385893, 0.5326926488836501, -3.5458938649162848, -0.4671169225048426, 5.96732909207594, 0.5825133971454222, 
-27.358222394570817, -1.7723815258876985, 4.040570345552743, -1.5570484854954671, 2.396001366039712, 1.8518768515336366, 4.186099016882363, -7.412734540753474, -0.17408152858726939, 23.406457627693715, -2.7051548408486745, 0.3375314214277466, -3.088423105494492, -0.036677109998399474, 5.481634725410656, 0.035233013458254143, 
-27.71623088392061, -1.7696900355208263, 4.390706754035003, -1.9331101675618574, 2.8718339165864637, 2.14850975917732, 3.9694082199503478, -7.434347096777916, -0.013101645448567725, 22.973544282271387, -3.0093190874370284, 0.1686018843215525, -2.1937530537180585, 0.3942647517610363, 4.888946552567178, -0.5245009743098481, 
-27.999701516598336, -1.6722825050409458, 4.574076362049742, -2.1151956069672773, 3.368173901463468, 2.3808221612185934, 3.614897720853648, -7.375923272935453, 0.14896633110881088, 22.627280979677533, -3.2238632728637624, 0.10136511976067437, -1.4521566825722558, 0.6475709187412063, 4.37621949452538, -1.1083355422716124, 
-28.264860888575942, -1.5044032458032095, 4.735583324404808, -2.5412918469373094, 3.967379454609873, 2.755854596202786, 3.141340944063587, -7.284515251425198, 0.28604076587815, 22.14696343462626, -3.3707261959660113, 0.07085778820220849, -0.5279237612683084, 0.9393677534147886, 3.8257603993283795, -1.7605507016973532, 
-28.381649462591017, -1.318131123330581, 4.710084722379368, -2.5850477753446452, 4.399947375247377, 2.868109394352857, 2.6501484515861238, -7.1578632358545455, 0.4286564637672257, 21.91369516169546, -3.4996548165825265, 0.15033665547403754, 0.12209398533916863, 1.0285885147422191, 3.459678088048778, -2.301905400003708, 
-28.469043983822047, -1.074093637777171, 4.602214169036823, -2.9948469006361838, 4.916778594380204, 3.113361178557968, 2.1038450478978725, -7.009514243220291, 0.4274209295929657, 21.526688566676928, -3.5717111353663893, 0.25837036003115427, 0.8965812829909168, 1.2799643887703844, 3.069813447388227, -2.8948791997939924, 
-28.443081819695767, -0.7872469212074049, 4.378959178846029, -3.2074150429376482, 5.252403601335133, 3.1825385205966836, 1.5854869556967577, -6.9115472814188985, 0.4203430983627842, 21.438083657379217, -3.6508268287329106, 0.45360137062518296, 1.4946008045364987, 1.4502003723915409, 2.901717799370397, -3.3545062567126553, 
-28.386646455712416, -0.4613399513293009, 3.9242486292783627, -3.698333885795605, 5.643087874099867, 3.3685430083917147, 1.0890961244369097, -6.76093519423465, 0.13671467796701575, 21.321926399741113, -3.610429611148349, 0.6536935592857666, 1.9676969530945876, 1.7536547019478863, 2.7717905683333397, -3.796113436262347, 
-28.212334677806925, -0.08711003026678642, 3.4362361072791168, -3.8725592456760234, 5.708014601562672, 3.243401784849833, 0.7082124106546529, -6.77406790091641, -0.08565402202341033, 21.703113450751907, -3.6508099671900927, 0.9403576239493036, 2.2818686996174926, 1.9850850445843966, 2.874747710658896, -3.9842402629595908, 
-28.158039217973734, 0.2775204535526203, 2.6095176764720263, -4.220399070868594, 5.8091857244651095, 3.2939932278895174, 0.4548050386877819, -6.759164490165116, -0.6427129303974904, 22.23665000828293, -3.4891233816142373, 1.217239635094101, 2.284409329308592, 2.232659541901294, 3.092283666500181, -4.0045308357547, 
-28.01979181686729, 0.6344716255160954, 1.822331783843058, -4.364959611834863, 5.6211485806981845, 3.1711590648520964, 0.3505195989303367, -6.894822192616348, -1.115698188889059, 23.08664737740457, -3.3505043704572612, 1.4610489655992274, 2.176808314494128, 2.397414711699605, 3.41695681464834, -3.7750130665054025, 
-28.01931390208676, 0.8585901352976852, 0.8121378302051879, -4.413957243398251, 5.3863024832200335, 3.184180457149357, 0.4661011742345157, -6.973739733071011, -1.7681370803197718, 24.039577707202127, -2.9800046765352843, 1.571964698219155, 1.6294634473581513, 2.3602768342778355, 3.792991355631648, -3.296342961566529, 
-27.890502114147537, 1.1043857652660738, 0.0976973846991794, -4.309645847285944, 4.906737145754467, 2.9993704984901344, 0.6137203192431494, -7.211244234892253, -2.1248977670884375, 25.053887924315347, -2.7465753317980126, 1.6234573572969735, 1.2656302672040722, 2.289938383562464, 4.101260953075317, -2.6822474512900727, 
-27.830765828972325, 1.1749741409557937, -0.6252043934264842, -3.9799881591359605, 4.405580653732668, 2.9458127652291766, 0.9273974456741922, -7.342490605450854, -2.4753153010393762, 25.93623400494757, -2.3233829301611824, 1.4731529499425036, 0.5211453564436073, 1.9189168433734567, 4.351725512399969, -1.9249223661435217, 
-27.646156335931924, 1.2848063554833522, -1.0514347194671896, -3.628040962972842, 3.7886417831565384, 2.74756116117377, 1.19941210061046, -7.554389441156984, -2.564263850859317, 26.637959035061474, -1.9936836265122646, 1.2831538412699977, -0.011588833074439963, 1.5702412730225825, 4.454337550819393, -1.1496712473045079, 
-27.568586168403066, 1.223605840417244, -1.4893867754726664, -2.9947382577656647, 3.237026285330638, 2.6339679107004668, 1.5760674403117811, -7.599369266136963, -2.6217532893740665, 27.030360666323826, -1.460173889000418, 0.9998388844232238, -0.9333064050734643, 0.902146940029331, 4.507022326392549, -0.3025848380978183, 
-27.29006322899585, 1.2900918072727814, -1.5899215654888483, -2.5265079889958093, 2.554820457376738, 2.341006826670708, 1.869673082564422, -7.7619453414860216, -2.4532807109174066, 27.292229078655772, -1.0932220028406099, 0.7173129493611947, -1.4864458339594993, 0.44909989692933905, 4.416440805833709, 0.4574736175407216, 
-27.15547498066719, 1.211896225144964, -1.7074863816387982, -1.7634142613658084, 1.9436660366324554, 2.1178817844809386, 2.239639113932279, -7.785378315109607, -2.2486809598970656, 27.246968536504017, -0.5760238983870556, 0.45125138573253104, -2.3565028677448145, -0.287663538217546, 4.337264116334273, 1.244933114459315, 
-26.875123448533575, 1.2440874882340718, -1.5930924380450744, -1.2847373090653063, 1.199498391768159, 1.751886045633231, 2.565913377259679, -7.916622050306974, -1.9704816675257817, 27.188075353252998, -0.22006529446745574, 0.19720390684833708, -2.86203638518989, -0.721029337725279, 4.151500233618708, 1.9134190210024882, 
-26.856496872389954, 1.1385770415520948, -1.4597477018188811, -0.47838448118818694, 0.5258077596489668, 1.4897088250295198, 2.9295401347586103, -7.96048936588742, -1.6112724452114864, 26.863033680539722, 0.13359870536608578, 0.02734931944240018, -3.561546243655462, -1.390050093673511, 4.051073158271192, 2.564565122417359, 
-26.744830613862888, 1.0918871242244395, -1.152372446482218, -0.08588977989028036, -0.29579940592483034, 1.137051184670031, 3.256453924780177, -8.135977768624615, -1.2531433664789038, 26.609742182412234, 0.3052126920891011, -0.20650741035889994, -3.8080925382731685, -1.6774237334958897, 3.7997124617251714, 3.084197546666591, 
-26.97287614707614, 0.9827213585035138, -0.8236705397179974, 0.484325582107912, -0.9658480479973044, 0.9658992256777224, 3.5125071705840765, -8.339785634506214, -0.8078027548055251, 26.21565600433691, 0.2660776517843259, -0.2644566737716209, -3.9993688717618165, -2.032591513307904, 3.701616207281308, 3.5317453748400123, 
-27.121632159218755, 0.8684633193946859, -0.4095602315987375, 0.6784529590126698, -1.7456396177657512, 0.7685211142310676, 3.7512402611606475, -8.615268822165477, -0.4413708200069776, 25.88612810621324, 0.15043608138872538, -0.46665426221984696, -3.8711231365507297, -2.1048507018486475, 3.4116597080700997, 3.8659207280176053, 
-27.635129985107284, 0.7111281945674983, 0.05575294755152627, 0.9620122130788504, -2.3592482356870317, 0.7954018782052612, 3.799226305119662, -8.997088604998686, 0.0966137546912889, 25.40022761794958, -0.2964059689995986, -0.566703513260161, -3.4972992911892464, -2.137445624813103, 3.2015309267149603, 4.076637193406347, 
-28.028718013931204, 0.5510766713444992, 0.5379974276526531, 0.9660885196101006, -3.015851495978639, 0.8429817817152795, 3.8533680924579956, -9.379129419233328, 0.4590128361421241, 25.005890923169275, -0.6306321158828879, -0.8217555727170904, -3.0333224190687154, -2.0474812897009964, 2.7935112136272338, 4.202753827853767, 
-28.74238597719188, 0.3943452965322177, 1.037995687713609, 0.9812286806004742, -3.4098432074510665, 1.1346394932741322, 3.612483859136442, -9.880574715990154, 0.974113689895006, 24.402288274514934, -1.3381559471864781, -0.9631547753407582, -2.2401745206023733, -1.8479560907157335, 2.3980558408464425, 4.154102145702203, 
-29.22106056459599, 0.2392883895038424, 1.514766764882341, 0.8667989556485348, -3.794658697479134, 1.428670760493113, 3.437148170184878, -10.264194172462593, 1.2409072001752468, 23.906176686798812, -1.6812672498815693, -1.2430868683323855, -1.6276819254181827, -1.7156092856549259, 1.8614500229987954, 4.026216839953913, 
-29.88246059233789, 0.13027776772834254, 1.9688640684224852, 0.722773420593796, -3.8724632554780016, 1.898187090388844, 2.9785382316627214, -10.71705010687778, 1.5493005663172774, 23.252623818517268, -2.3098554547195125, -1.3973914221129662, -0.7733308471681685, -1.4317448662076215, 1.3207807663354432, 3.694088833713529, 
-30.22821022378433, 0.016565158013302855, 2.3877572947923213, 0.5929636406736128, -3.9647024380595033, 2.287823131152735, 2.697522905697134, -10.963141459727893, 1.5621297462312236, 22.784447452058536, -2.4028094099875954, -1.6332649933259165, -0.33886600229473846, -1.350809831260051, 0.7825922793814472, 3.3348976543526834, 
-30.71624703409929, -0.0231391490970743, 2.6650968503127856, 0.33643591272125384, -3.6680193707759754, 2.7621831335066926, 2.1067506504092646, -11.258227447745332, 1.5537907135614184, 22.113466621090847, -2.855859557618409, -1.6426667559936483, 0.36490292570846233, -0.9847014016443316, 0.25986446639768507, 2.748027126773562, 
-30.835143942893904, -0.08496915588667808, 2.9353613255581696, 0.1879087544221771, -3.48235738712661, 3.0676426874050833, 1.8246140337976595, -11.295702639198456, 1.232578814817458, 21.776783570939443, -2.711093534748904, -1.6994052917066569, 0.503292912404529, -0.8861732606028659, -0.09021521677550975, 2.2095798346404054, 
-31.124490575307902, -0.024808711527766782, 2.937317749337308, -0.15059951559008625, -2.8372571660193713, 3.3566555424731352, 1.2581508606802239, -11.401897192038243, 0.7838910373565839, 21.37889048179248, -2.986536427969505, -1.4070619605681474, 0.854553669259756, -0.38304380335758376, -0.3586972959158915, 1.5046572854833575, 
-31.078001892180357, 0.016377047096246107, 3.001279835061827, -0.37187336531773496, -2.338673570080999, 3.456953717272662, 0.9830935652434061, -11.28405185508993, 0.1313976821093847, 21.32626039354076, -2.8424304432943894, -1.128079325652747, 0.73512659185499, -0.08222015944280278, -0.33354005280038096, 0.8744752245725843, 
-31.174535291907567, 0.16086576421838167, 2.751917404816016, -0.7384494967573023, -1.4462740342443388, 3.4432643155184754, 0.5388422650749115, -11.221700134181528, -0.6819237321408917, 21.376029166884877, -3.0140047375606485, -0.5450199124457357, 0.6776673275570146, 0.5763400704975155, -0.20813474996192383, 0.2230531133285161, 
-31.015106020090695, 0.24932454862074171, 2.6851814510159304, -0.9915574840754902, -0.7732450582116961, 3.286341518132673, 0.32264664476621485, -10.987868809328281, -1.4955341871603556, 21.645276680865205, -2.97354950132181, -0.04148279902682752, 0.3554545079439307, 1.0760587914002813, 0.19357761803446305, -0.37513300075071604, 
-31.021943903696243, 0.3452808013042376, 2.3454257235479083, -1.2711561775877525, 0.10340218385383039, 3.0481559018702367, 0.05339723864762597, -10.826781401339671, -2.3621247945367014, 22.06753314113434, -3.1313332176201865, 0.5630366484440219, -0.008495972823640247, 1.7564672991426842, 0.614190458131335, -0.8539255379686971, 
-30.818121543706948, 0.33679531743716573, 2.2880157143887287, -1.4147110130935323, 0.6423815346111053, 2.7926757080248357, -0.011590974807024248, -10.549300868000683, -3.0584141307243993, 22.617097708760312, -3.1897851034372255, 0.9567448630181535, -0.4431469498773938, 2.2344400689834583, 1.2571498868251512, -1.2919735088450135, 
-30.769044741483352, 0.23668141222452702, 2.0167819534823916, -1.4930193087527932, 1.1573206150639797, 2.537503082208433, -0.0077415558726821815, -10.349289598742923, -3.665595165484302, 23.32014957341288, -3.2885302216623566, 1.2174900687691543, -0.9476250706483973, 2.6565370787762475, 1.8312411724738484, -1.485707064535651, 
-30.585999615822384, 0.056801489824646244, 1.9404883370304749, -1.4699795597393843, 1.325533547283029, 2.3736445228292093, 0.17640134348791728, -10.119251813776444, -4.080305215055453, 24.111439728663683, -3.3430583339494966, 1.2525901738798275, -1.416178654238749, 2.870889000574, 2.539364481623161, -1.5799875751798613, 
-30.494765483506583, -0.18012718859235818, 1.696692751357022, -1.33581485719377, 1.3545650828776634, 2.2390980606255315, 0.45263210538336035, -9.924925755602128, -4.361033439371325, 25.025615904806727, -3.3288829006091682, 1.058300016568741, -1.9658390869208913, 2.8768104754688446, 3.0813774660249527, -1.3632374553917777, 
-30.23347635093682, -0.4020126479833603, 1.6930182652898642, -1.2075509877014283, 1.0346356006638981, 2.2681606863547334, 0.892728964376354, -9.727423528511093, -4.492438209305866, 25.91671226982757, -3.3272078961668914, 0.7978864352768122, -2.347926764879161, 2.757982813115441, 3.8484586879750164, -1.1263789727231373, 
-30.036802899615353, -0.5983755734014353, 1.54448560257182, -0.9941563423464371, 0.6036612471177618, 2.3060736695426964, 1.3966978078252985, -9.544087801636774, -4.540121248190871, 26.85602216951797, -3.2215206828465677, 0.37662363523462083, -2.7881862533126633, 2.44090516250127, 4.408578225602864, -0.5814760438098118, 
-29.83199939434284, -0.7075627757178752, 1.4090711222230163, -0.8024656233014048, 0.058474821093872996, 2.406810523161218, 1.913596748735919, -9.400910383335747, -4.511006369028753, 27.696034930924732, -3.072777656435782, -0.015507135341904218, -3.123207958254816, 2.051835282981924, 4.954440208164812, 0.04131127910161197, 
-29.73818778972026, -0.7305809190604962, 1.1754173391479423, -0.5104219412136909, -0.44218362947960205, 2.432011825649517, 2.3961202062411866, -9.228351708110578, -4.390387913824027, 28.497534616925297, -2.730923996386562, -0.5074648499770268, -3.5063515412739523, 1.4790915541382947, 5.215518859395713, 0.922881899544552, 
