b000, b001, b002, b003, b004, b005, b006, b007, b008, b009, b010, b011, b012, 

-1.7016347461998576, -0.3195039237865904, -0.3927737662944368, 2.1372962332598737, 0.24280293176646986, 3.4966357860527877, 31.972249883708425, -1.0541953738174283, 10.0609453441471, 1.9071554165256708, -1.2153932757224808, 0.9370880083895938, 0.8668453542793075, 

-3.396445104583357, -2.3491704754415763, 1.1051831517468538, 0.3928618352337238, -1.192396051149172, 0.4013110946740986, 28.85281648856172, 0.34279269689556624, 8.45622010200652, 2.040226240868798, -2.946879723168771, -0.2345260328795261, 1.7877689893754984, 
-3.307166472234032, -2.1140911667618667, 1.169387439297219, 0.533929983125419, -1.1404156562078391, 0.6167640164911479, 29.046475180808446, 0.3345676879872681, 8.366442004053049, 1.779927094063695, -2.7395434595272095, -0.08828081754949471, 1.64828129557165, 
-2.9786082596752577, -2.001882179551903, 1.2326328282946124, 0.8296203907282939, -1.041767314759658, 0.770043557610374, 29.269151078368782, 0.3894858924723521, 8.227026966394197, 1.3420867886142014, -2.4493885556880883, 0.1320363924532307, 1.4917084348083174, 
-2.8025175522712664, -1.831020613398638, 1.234341979887694, 0.9934535968096028, -0.9053795774215525, 0.9993947775183661, 29.3990437587563, 0.347620045894309, 8.216551959396345, 1.091240748354889, -2.23253336900254, 0.25238138946967975, 1.2720832851976742, 
-2.4375157423778386, -1.8084939784730665, 1.2052969948328065, 1.3333619360748816, -0.7288220006625635, 1.1837713326899924, 29.604832123834093, 0.3451221475277796, 8.197430469775899, 0.7203096730083591, -1.9926341777191967, 0.3898230672197409, 1.01645878184659, 
-2.2357837961262415, -1.6879673793690246, 1.1378372868280737, 1.500913381654623, -0.543339989696492, 1.4266642995595746, 29.69350779313271, 0.25880046232497755, 8.257254283508523, 0.5210302522153639, -1.7956930112362848, 0.4742880147820201, 0.762677537487843, 
-1.8929931925715977, -1.7380200652490085, 1.0373028660033488, 1.8563466291095652, -0.33709477946117933, 1.6452604075703963, 29.917350955420638, 0.18590431148437817, 8.327924470932981, 0.2529536774492819, -1.6380952313055768, 0.5283000307302985, 0.4753209976619251, 
-1.7241424570469892, -1.6504533760093756, 0.921454801226231, 1.9856552513416903, -0.15098835743762112, 1.9138265728474189, 30.0311238457249, 0.03750823593709491, 8.4425679331816, 0.12601200613376984, -1.4953444209997226, 0.599192122832486, 0.2601735295415758, 
-1.4907729619533123, -1.7568626068941542, 0.7858210133072847, 2.2768618969235, 0.03162447364374455, 2.1697814637600823, 30.34302692563463, -0.12410787660249335, 8.591300213307298, -0.001997573774064511, -1.4770432536712486, 0.6032507010601889, 0.01880055973945656, 
-1.390289287787231, -1.6900401683808917, 0.6652139308047622, 2.3100317046404473, 0.18043060567116173, 2.4281994199338977, 30.5182954585801, -0.322769307288037, 8.755761844919288, -0.04171193784138064, -1.4040356719936185, 0.6607938873508403, -0.11503514623543654, 
-1.317157257267875, -1.8110191813990952, 0.5313270904930433, 2.433352992945645, 0.30756915337758933, 2.7001799608618264, 30.933697767022984, -0.5924053602711357, 8.985669879418134, -0.01067757388173302, -1.5340333414872933, 0.6464758587286128, -0.2757587124329352, 
-1.3164576971736588, -1.7698189249766496, 0.4268193984578062, 2.342435595289204, 0.4123727465257077, 2.940055907493436, 31.23617606940682, -0.8427077173155826, 9.219144892009158, 0.05583440183797659, -1.5610362082269313, 0.6959232729812755, -0.3384994084765956, 
-1.4277686621201884, -1.8659621475804458, 0.3441754679373835, 2.2610177157472418, 0.476787671740746, 3.2041532346863852, 31.7341685278951, -1.1879736908655152, 9.516153613521427, 0.2607746507431693, -1.818255995631136, 0.6679714390313485, -0.43209782558578197, 
-1.5375676984901856, -1.8068636023070952, 0.27469670623998366, 2.0127313439238037, 0.5422217551590435, 3.3942542133997935, 32.07373472644825, -1.4301848374162829, 9.78819126041131, 0.4288109014477407, -1.9017353575512022, 0.735385313715395, -0.4146781388879363, 
-1.8473126910026625, -1.8584112406266735, 0.2537040501503426, 1.7392486821489668, 0.5452710378696227, 3.622743451871822, 32.55551650309878, -1.797945428444737, 10.087280021484405, 0.8063417889283726, -2.2616750393638148, 0.7133498273273334, -0.4484834566938778, 
-2.0566766623619888, -1.8017892698412543, 0.22337028065731915, 1.4010949689173728, 0.5791945465273758, 3.740419333182991, 32.825029534450046, -1.9864150164217595, 10.331038295953416, 1.0657807767228673, -2.4024728651645635, 0.7758273999670598, -0.38589230238258526, 
-2.5055311636631044, -1.7872911201751216, 0.2720282263638461, 1.025851240952257, 0.5265901312973478, 3.908718354274982, 33.11375161088353, -2.312737104397513, 10.5294848516463, 1.5495505609203295, -2.801205640358268, 0.7571840539676071, -0.3778139000314781, 
-2.714864886270774, -1.7305179330045313, 0.26657200891938, 0.7223142941589112, 0.5547398115227612, 3.9461378200043096, 33.18958642402155, -2.379832718264682, 10.66054947456786, 1.8054721946716208, -2.915910680653228, 0.8038195234209887, -0.29176816551958035, 
-3.1974823405474706, -1.6827242862082505, 0.37806736878255487, 0.3776728502932227, 0.4526131120535497, 4.034880181605654, 33.20921368679363, -2.6312906283655844, 10.691117144115566, 2.3186924426148496, -3.298434911701407, 0.7488980656497348, -0.271038059145495, 
-3.384823967904674, -1.6366144394854598, 0.42061702591257977, 0.19090526975240482, 0.4569147283467233, 4.015869305794734, 33.0908399815416, -2.6187109663442074, 10.674415905967344, 2.5698005957992582, -3.4008773721908225, 0.7254869516966932, -0.20831103387580494, 
-3.7769622755543537, -1.499731783817677, 0.5912065211785442, -0.024029758666422277, 0.32733552995085563, 4.05935002257937, 32.86306759839545, -2.7518079799701427, 10.52408694425309, 2.980159293416109, -3.6303198211722902, 0.6594541608586365, -0.1884462297045621, 
-3.864954267176926, -1.4004423412604294, 0.6646620161398512, -0.024638562922066218, 0.32327263269713674, 4.035514999657528, 32.587618598377446, -2.6401690924573984, 10.350762503072561, 3.1131291028798405, -3.62137386722307, 0.6143847296452193, -0.15001698125148036, 
-4.064117664844433, -1.149659646302534, 0.8864707793121348, 0.006500972192528985, 0.1810471221839426, 4.078672473827088, 32.20913889455602, -2.637224531483094, 10.042079340005126, 3.312322042140168, -3.635331185132302, 0.5362699443303974, -0.1586670062568165, 
-3.9533770336814364, -0.9815221643331404, 0.9572209907491445, 0.25966939540617523, 0.2154460841767454, 4.08651163170654, 31.891856254898755, -2.394138708087812, 9.77456545892409, 3.218249379877411, -3.449666118609041, 0.48092661971301903, -0.1670224833368925, 
-3.9500936574800862, -0.5685978756060954, 1.1979891504571576, 0.5687050728750973, 0.07064888903545324, 4.199934085690803, 31.493643882775448, -2.281276841959787, 9.355394646663871, 3.1700075240802637, -3.2248309556011296, 0.44007392381367977, -0.2095461637831629, 
-3.6924365275651723, -0.2732619862228936, 1.2783882458503093, 1.046122825168166, 0.1205098197433891, 4.290956029138639, 31.21219314932431, -1.9726941956005577, 9.024251041402449, 2.88501080974507, -2.88439500126577, 0.4008760916717395, -0.27126032168427494, 
-3.4887926138679535, 0.23684992612768194, 1.475559644834261, 1.5651733346400176, 0.015643456052600802, 4.464901832312241, 30.895980993096927, -1.7599006780938304, 8.611663677669522, 2.6097195173692285, -2.4699286481771594, 0.4115912144938087, -0.3287886994095666, 
-3.1346495503742884, 0.606824354101782, 1.537001968424609, 2.1466779591855105, 0.08452365524413175, 4.598848010189935, 30.71757385351405, -1.4201960084310667, 8.3184348426004, 2.1942765703947913, -2.052536008699601, 0.39687248873158126, -0.41265758933289204, 
-2.8003349897356395, 1.1456942052492978, 1.6901037086306865, 2.716881954112414, 0.006158125246714753, 4.7460135405767145, 30.574178147749823, -1.1601800683620689, 8.050975213525232, 1.7894481644155453, -1.5695511933212305, 0.41863830075423314, -0.4755627683688481, 
-2.400423130097435, 1.430158437542879, 1.7118670226224526, 3.2106481702399114, 0.11338252987694948, 4.762640119615885, 30.59685449258468, -0.7990401526415319, 7.965697553880906, 1.337051130706079, -1.219964970158428, 0.3593972530368119, -0.5710409339338498, 
-2.030487719884673, 1.8204341138854936, 1.80232089200249, 3.603145740726262, 0.06372236146568917, 4.709712952461785, 30.754662591868083, -0.5089193817716472, 8.033850627933699, 0.9394272926154953, -0.8402003723784808, 0.32322991151646974, -0.6228197243826806, 
-1.6811934293921484, 1.9499619045246246, 1.8166357161443878, 3.8085285198531342, 0.12997298140705552, 4.487195312981402, 31.042494666900577, -0.19384435985621162, 8.275679881993636, 0.5761654176483862, -0.648685545536415, 0.20218815355686406, -0.6917647947935406, 
-1.3621341599401071, 2.081159146027352, 1.8518485159204614, 3.835928851194142, 0.08730571913970231, 4.137334251867454, 31.537833159589088, 0.07468992560193627, 8.775555860031814, 0.298800351626611, -0.4861337029895726, 0.07455104659536016, -0.7198841232169684, 
-1.0874989705576528, 1.978863975265836, 1.856090075725348, 3.6761953169447246, 0.14254297939899627, 3.6717128595313477, 32.07454756080204, 0.3071671529612871, 9.346433548172858, 0.058333933121002865, -0.5073579976864591, -0.1254789646179629, -0.7705649208890186, 
-0.8131867494586088, 1.856093657376308, 1.8405255356985208, 3.373231175935791, 0.11576953007904785, 3.0815961540161485, 32.82811442278663, 0.5330475179058562, 10.201811625289, -0.09001966488193709, -0.5379650135775286, -0.3395080589236439, -0.7788802957897203, 
-0.6092189125509677, 1.6022432498717674, 1.8289366579720228, 2.956739092826494, 0.15159691926549163, 2.5089642714848654, 33.48938468089943, 0.6490233531328812, 10.950474539351973, -0.21176285146445048, -0.6887695310893653, -0.5577301479491603, -0.8033830218989442, 
-0.4384084195966907, 1.3395526436364853, 1.748380617439773, 2.477538194371529, 0.14358173454244072, 1.9034356373139472, 34.25492948474076, 0.7626731768463945, 11.85880739541468, -0.21570561545399047, -0.8359064177718101, -0.7608607704690594, -0.7938144082355385, 
-0.3436659496069877, 1.0478887177942429, 1.6857534043963887, 2.008522947163527, 0.16506949521491157, 1.4354339677616015, 34.747006513999054, 0.7249388502717405, 12.449182518108872, -0.2315849957459646, -1.025269051009068, -0.8930156246746354, -0.7781853464673377, 
-0.32370881103548677, 0.7524631798005851, 1.5086078479062695, 1.5620926603878154, 0.19050475369201195, 0.9984693622456455, 35.251691960809, 0.7284235702485654, 13.079277545340325, -0.11807388630713916, -1.2305923571577742, -0.9829110410979457, -0.7339029835705349, 
-0.35883201235261064, 0.4774171928247417, 1.343335561190427, 1.1991343077854033, 0.20625338689242073, 0.7208584233255553, 35.427784657272575, 0.5876386433550187, 13.331674064596513, -0.04242827289189425, -1.419290130076542, -0.9648562370543764, -0.6524098415749316, 
-0.5060241337186742, 0.2055587840703422, 1.037289977538291, 0.914949942013646, 0.2666985144403973, 0.5202454530231926, 35.58161703230316, 0.5407295862397931, 13.557955820408607, 0.1681311472045146, -1.6500923878915439, -0.8870583989142834, -0.55289775463431, 
-0.671947792516599, -0.02294092640136278, 0.7846831148964677, 0.723873385540343, 0.2807424035758368, 0.4558370085879222, 35.4513439451894, 0.3581038812839219, 13.448732307269516, 0.29639376331921236, -1.8357002728607048, -0.720311359635748, -0.41124769963886604, 
-0.948781443141492, -0.22660386988134817, 0.4335814354861473, 0.6453537056537092, 0.36192990041343986, 0.47756994686870863, 35.270346198903134, 0.3177620339695731, 13.285275506871173, 0.5533537102866469, -2.059961772809758, -0.52826421528287, -0.2870797494513277, 
-1.175000665485971, -0.3960569596584347, 0.18748572372279396, 0.5967547368787368, 0.36129573222010075, 0.5702013446703997, 34.94830942003047, 0.12523952552482406, 12.942289501155116, 0.6960409982243643, -2.21387955874697, -0.3033985097116282, -0.13032584118943433, 
-1.49184034220743, -0.5094052640395468, -0.12528477869101437, 0.6657065076155079, 0.45878284562843596, 0.7569538734970377, 34.62073022176744, 0.11844395966207456, 12.583437999694079, 0.9681126576954726, -2.3883468436333146, -0.0914010588969449, -0.03081605887172923, 
-1.682048136791655, -0.6092793871113044, -0.2786935305280115, 0.6887914173313302, 0.4362560855262478, 0.9313521731772212, 34.27164758102371, -0.07871353970476438, 12.202550478835452, 1.0994277631382086, -2.4668428004714316, 0.08252684736289208, 0.08218112768179128, 
-1.9329746285665341, -0.6157835909777561, -0.4734846134667038, 0.8331567893113888, 0.5438909986698923, 1.2192467082132212, 33.98278698508436, -0.06680951420593115, 11.835357335237797, 1.3448857715165066, -2.5365202860451923, 0.23847978017607016, 0.10895283275574495, 
-2.0161450104299856, -0.6464610583874825, -0.5121981156357995, 0.874704388097004, 0.4938265589503656, 1.41892386944676, 33.73341650293742, -0.2852318564508837, 11.556732134513778, 1.4414037139119236, -2.5046245469555886, 0.3174638462429571, 0.15839959037786516, 
-2.111184075379999, -0.5574925806351828, -0.5788560545741124, 1.0499220250922476, 0.5707703243327652, 1.736648941336579, 33.56179201582342, -0.30834726916349325, 11.276561028602707, 1.5973442574094956, -2.4141109041674125, 0.40708713012128767, 0.13456817054244977, 
-2.0481121082130707, -0.5082923338157722, -0.5405094508717458, 1.1389040411587539, 0.518336228309701, 1.9543751111472503, 33.45214341776925, -0.5159855812691599, 11.120248700617383, 1.6390777231945912, -2.234568517191217, 0.41093808137486837, 0.1290971838748422, 
-1.968689306447305, -0.30566164078551544, -0.5550739815521518, 1.3705726284590685, 0.603453465831836, 2.3334694055168295, 33.38091460640195, -0.545823475303636, 10.921894599050365, 1.6983448673349857, -1.956124054495301, 0.5082226537085096, 0.09388521652050921, 
-1.7682808380368515, -0.22886404217035614, -0.4889552297297576, 1.4587501174426274, 0.5138478237418961, 2.5359892312492933, 33.334450244488195, -0.810743732760659, 10.882574514909335, 1.6737686481917224, -1.668194540123819, 0.4815264435078641, 0.10719647388894385, 
-1.5468000139570761, 0.005156925742957633, -0.4952819275356674, 1.705399286883783, 0.5915062059652754, 2.903090319781484, 33.289668681100835, -0.8641856248718548, 10.74395710846185, 1.6450366185768648, -1.279349342447443, 0.6024047642308984, 0.11127816170544633, 
-1.2905074897783668, 0.11506274415074061, -0.4756638109958186, 1.8473492636946618, 0.5509320856941153, 3.143288648690556, 33.226936024593336, -1.0787425303003138, 10.721410988641265, 1.6025771299272304, -0.9492287066280276, 0.6181277423138605, 0.15216153934777932, 
-1.0451561357975598, 0.36374266821039497, -0.543774832142215, 2.096380480538729, 0.691768076196374, 3.526001925991229, 33.143715541073306, -1.086191130203546, 10.566256549154893, 1.541674047126287, -0.5609121484342454, 0.8392904865533738, 0.2017800954736064, 
-0.814034486865867, 0.4248419556925884, -0.5915573849524784, 2.219102811704053, 0.6669867536853935, 3.7719649288634254, 33.00909475650517, -1.3155866660701745, 10.569697270764806, 1.5257407348221284, -0.3062134305374915, 0.8736766318562933, 0.2900712239893859, 
-0.6107552559259671, 0.6153419198726923, -0.7198676863268526, 2.4025060236335225, 0.82498246724039, 4.118470457873632, 32.83743406412177, -1.3398363664652118, 10.421342226173905, 1.4846909969962574, -0.013550565811643102, 1.1348774064294467, 0.3850928131927723, 
-0.44806822033058796, 0.6707072492211337, -0.8375946628928408, 2.506714208199807, 0.8894098465280434, 4.4005244667236, 32.61977362304459, -1.5089968849436757, 10.369716309370855, 1.4976937649156776, 0.1446887571674927, 1.2502173408842736, 0.48994821649204495, 
-0.32213305582910706, 0.798654629222533, -1.005081157222895, 2.5869708629311123, 1.0884747282806027, 4.68068893473621, 32.40731497537262, -1.5205476507343854, 10.22201940596407, 1.4635630188718896, 0.29972455330230663, 1.5448944824638555, 0.5838379196538559, 
-0.24581211428521488, 0.7572201288378221, -1.1386729038132075, 2.62738050427233, 1.1597675048325122, 4.934237770815724, 32.14668763878076, -1.7061952032445156, 10.206646254695068, 1.5209044983344708, 0.2850173895605677, 1.6008641097157057, 0.6774600187322567, 
-0.19778509059826582, 0.7660007099539713, -1.2882926233170267, 2.6043003157892697, 1.3676758972988583, 5.087142259090198, 31.99740299552125, -1.7060144367169185, 10.145286882437224, 1.4900584079720596, 0.24253338781345807, 1.7951451701298557, 0.7091217332034228, 
-0.194387283252649, 0.6582648143803955, -1.3963657826508953, 2.5989861738281554, 1.4905514561271715, 5.247603295502072, 31.837794090095695, -1.7868714916780104, 10.178574517300435, 1.5225807199377992, 0.05818318015549898, 1.7934329364054593, 0.7277267612223915, 
-0.23183816185768827, 0.5569893642516933, -1.4576141017750837, 2.4743619696533665, 1.6905141960111731, 5.18948846240699, 31.930536832471503, -1.6888702186584754, 10.26154872880321, 1.460196888497789, -0.18128178036797882, 1.8372025679092798, 0.6429274072143304, 
-0.27379767624736745, 0.3790353689124129, -1.4802996040160066, 2.4754036519285507, 1.7931621020296495, 5.273584001037179, 31.943023227667027, -1.6800962477755093, 10.393147663160985, 1.4698014344429766, -0.49493842270420046, 1.6996030961564939, 0.5888724481246257, 
-0.36753554518505976, 0.21507086571312786, -1.404503215728859, 2.303180692320845, 1.9117786525194844, 5.037282615626377, 32.29215409689704, -1.5263566068922967, 10.593817487564277, 1.3915452204489556, -0.8332104281821431, 1.5717998119097296, 0.4077574123096344, 
-0.4733044794927325, 0.03817599431439972, -1.3204229965413177, 2.2819137737856257, 1.9376138588842229, 5.018889487616392, 32.48480618421598, -1.4617741329915352, 10.737769856979991, 1.3759280003941847, -1.1831039565222028, 1.388971382563902, 0.3227107895347974, 
-0.6362065306872853, -0.11855912231175272, -1.1267604559277051, 2.0770736965447956, 1.8961267251619454, 4.658320399704717, 32.93018807627292, -1.3453555167207687, 10.920166205776866, 1.31000981512416, -1.5044693361879986, 1.187796041808649, 0.13390290626506587, 
-0.7961368787984442, -0.2324082285075064, -0.9771530429019385, 2.084877214282014, 1.7863154718799215, 4.670234491846312, 33.12265863675496, -1.3285400573663615, 10.962606778856548, 1.2986647490335541, -1.7764223040528493, 1.0583097695380472, 0.11558166516713765, 
-1.041151679581293, -0.30510316263487414, -0.7357013057866756, 1.857671085813818, 1.5787303461830753, 4.320966483797627, 33.50951633092644, -1.3389792955272593, 11.03450325879741, 1.2825006455593468, -2.001370028399563, 0.920838614104077, 0.00305006831096078, 
-1.242212216441481, -0.32033084419752594, -0.5321196219787125, 1.8349211971071002, 1.3535223357746669, 4.300515192455736, 33.65745617925638, -1.393014449619691, 10.959657086194131, 1.285229572362019, -2.1441393248839073, 0.865732796219001, 0.022305161968624688, 
-1.4909502946758668, -0.3078249239143337, -0.2946026567213658, 1.6162100846346512, 1.0484095140816978, 4.01005452403519, 33.87059020556725, -1.5356194395942793, 10.914157048062282, 1.315233413104396, -2.2244230980455915, 0.78844993573422, -0.0268519239332777, 
-1.6682006962714324, -0.23472727902285426, -0.0913646167266825, 1.6421744357991994, 0.8031874256806738, 4.114476384425345, 33.87821264003622, -1.6360226888859861, 10.74076195780178, 1.329222998482677, -2.252177081859946, 0.7974492615561687, 0.035375344901547805, 
-1.8636599499349962, -0.16465533549717792, 0.10525886204757587, 1.4510849162465562, 0.4953746111627278, 3.8818531313413573, 33.90264630681666, -1.8517936266687902, 10.631802852790083, 1.404312246155428, -2.2248229095918686, 0.739213826533516, 0.019366251408220656, 
-2.003432223614532, -0.045411158437853955, 0.30337520425330666, 1.4387929444818475, 0.2607708381603154, 3.9134736523123674, 33.79525466256606, -1.9744487389744072, 10.43143025250104, 1.4612090925115466, -2.171413744897347, 0.7214898466983721, 0.054768548710496294, 
-2.1181888901229518, 0.05001941970093294, 0.43281387225299733, 1.311027358638657, 0.006497562471731254, 3.736917990482672, 33.62898341539098, -2.1992392076200495, 10.289851138380122, 1.5805345763731955, -2.0722863990679703, 0.646634603182613, 0.055419574968612315, 
-2.1978489771051084, 0.20777455938211956, 0.6078699008051097, 1.33087200474321, -0.15458560583047437, 3.7988464142521456, 33.43088011561593, -2.279478733519606, 10.0879519005268, 1.6647663194238689, -1.9681585287956842, 0.6000321495982855, 0.06687826284205055, 
-2.20413421577242, 0.30951861837722244, 0.6522922711595268, 1.3164417987824248, -0.3062481015361614, 3.666208172797513, 33.15717677939407, -2.453709033940748, 9.958055651528307, 1.7997098399527396, -1.82047756773165, 0.48210937008589916, 0.05337848916026619, 
-2.2173631991591414, 0.4670123908258181, 0.7582114963216232, 1.375011376075059, -0.3795779782722491, 3.699229863997229, 32.93448257458992, -2.4824537653461465, 9.807900314395804, 1.9028901378490024, -1.6906626690577777, 0.3907119225711327, 0.027572787310654042, 
-2.150079616531491, 0.54182086900207, 0.66166763806475, 1.4811615160672769, -0.4160902140763143, 3.6299609133884467, 32.61535473165768, -2.57483650909037, 9.724913056890651, 2.042344616356042, -1.5403913177093584, 0.2826349150703127, 0.03403638750841421, 
-2.1075824015155757, 0.6493470060797253, 0.6577335911208051, 1.6045902364257354, -0.40192536067932805, 3.630899035579183, 32.409471370433415, -2.5043835576469906, 9.659695577990883, 2.1534765831161504, -1.4131196479318375, 0.18197048916957526, 0.009233884237799021, 
-1.9941183778482672, 0.6369004474230391, 0.36212958396761297, 1.8047634064004472, -0.3453429451043132, 3.601891591856295, 32.08775918747043, -2.5010485918976815, 9.675453384008549, 2.298690593105179, -1.2904647451857891, 0.15561292792625842, 0.10705669668014524, 
-1.9168521841875845, 0.6211237415691797, 0.18847309535877568, 1.9400901983275003, -0.2661298414820225, 3.5313274157951438, 31.889629293326003, -2.32785388863878, 9.739058729549786, 2.4222300593915387, -1.2025760950769953, 0.10991374223949373, 0.15852248629914895, 
-1.7463116642425858, 0.4471018307374052, -0.30341112593099007, 2.19480426639549, -0.15662356396474678, 3.454070647487335, 31.556254804938334, -2.1912493452920905, 9.871606703897163, 2.5498769993289936, -1.1148697945286397, 0.1868956846711031, 0.39400575913234503, 
-1.5920149766115161, 0.2551834424428408, -0.6793043603814726, 2.3359569908355557, -0.048433769847730034, 3.2802665336272514, 31.310977196654367, -1.9376165647376873, 10.070174044033893, 2.6637217364373433, -1.0467732966962247, 0.2279604384409914, 0.5834514703565873, 
-1.3863678161833914, -0.06909425517325439, -1.3389530605886193, 2.590828372015415, 0.06104640636636912, 3.1661690757188956, 30.959376305708375, -1.7309042756119029, 10.29813407156735, 2.7593164059152455, -0.9877687779341489, 0.4490722412729593, 0.9843505134550348, 
-1.1743274672080384, -0.3663410737002414, -1.8034002609894015, 2.691529859429406, 0.14784468851958563, 2.9373193950775165, 30.734216266431226, -1.4597985551836412, 10.59301925271892, 2.831619845152776, -0.9087883761990847, 0.5796655831001325, 1.283065960311049, 
-0.9331283816717737, -0.7202694050071864, -2.446076032316548, 2.917011288042949, 0.2207322737788844, 2.8403089031934354, 30.47644685146975, -1.2281590961477282, 10.85880520680361, 2.8268869454967325, -0.8174887138131564, 0.8958533567077119, 1.7454680635989535, 
-0.7164538770485718, -0.9790490635889012, -2.836764622059614, 2.9587514282693785, 0.2694184725341926, 2.6200292999398487, 30.36285159984935, -0.9663306698946672, 11.157713345816322, 2.8319141749796426, -0.688667197902955, 1.079198692941895, 2.0419837420173717, 
-0.4773912652746545, -1.2419075237087132, -3.3051795281636323, 3.172089560068459, 0.3050456662616469, 2.596352792624906, 30.34389513026418, -0.7155094321455491, 11.414947682446135, 2.699986944428983, -0.5471797219319086, 1.4219916850366332, 2.439569778960128, 
-0.3091458892266534, -1.369061075784406, -3.515004809067982, 3.209082106251938, 0.34020676607940226, 2.454892737757994, 30.421722855484575, -0.4590869126739615, 11.627414977371847, 2.6156515594602605, -0.38812786710973646, 1.601714273346154, 2.6193332123917337, 
-0.20455915813536052, -1.4435142159835432, -3.678830737429383, 3.378706228192567, 0.36530369534056945, 2.5487604814806875, 30.67653561174708, -0.2057315056377075, 11.776176475036078, 2.402316752435196, -0.2717694261318472, 1.8778565578282638, 2.801873569770022, 
-0.1538468389609536, -1.398898039846827, -3.6563377510001027, 3.4138953723712047, 0.4298974469630182, 2.507755384614328, 30.907927909117333, 0.051831604609132866, 11.815840281900766, 2.260676115486604, -0.144081081811653, 1.9980569387374794, 2.778557669923739, 
-0.21591633681438513, -1.2943312181776414, -3.471718894871979, 3.5155606380772095, 0.4903320967834887, 2.6981841174488634, 31.36163621532852, 0.3001624340280891, 11.820848436172367, 2.0227261263823983, -0.12851702476403842, 2.106085108252089, 2.6688107553993237, 
-0.3044475040942987, -1.1245352153814354, -3.231383560624523, 3.5540645584541695, 0.598814341619484, 2.778016314034077, 31.657731024187104, 0.5386049111878686, 11.662346660533446, 1.854961430465202, -0.09943407764515207, 2.137518551509658, 2.449932971410435, 
-0.48929508058335386, -0.9136557466252757, -2.7710437186922037, 3.579261556528588, 0.6815204192127811, 3.0097495184531984, 32.11611277478824, 0.7573436391314586, 11.506859034254378, 1.6342789642105153, -0.17558120151339057, 2.0698640468236964, 2.1176381286703467, 
-0.6617761607845181, -0.683239604799792, -2.4369539763610573, 3.5811972708349917, 0.8146022695982267, 3.1232885426962276, 32.25007554709338, 0.9316038966434643, 11.140710305525264, 1.5059308278618735, -0.19918922130843578, 2.06203054954311, 1.8134409040487065, 
-0.9029725895294538, -0.4580428097017429, -1.874180685527362, 3.5358477327068387, 0.8795236984214668, 3.348096193435007, 32.52097682613864, 1.0730571618488904, 10.849368064543503, 1.35248495518743, -0.3184921328462993, 1.9232226938636634, 1.4329410904046882, 
-1.1060044885519453, -0.2358359601513235, -1.5337822486994062, 3.5155017101608688, 0.9895791950107976, 3.5010192464413104, 32.45390123563127, 1.1597602127481856, 10.360454258452707, 1.2702383050037855, -0.3665751569051646, 1.9336642476616348, 1.166826627068218, 
-1.372364922880884, -0.07941829148930815, -0.9527743449698781, 3.394936202327347, 0.9808374395272915, 3.7181479528498853, 32.573113275811835, 1.2042567818463095, 10.073608708229703, 1.2195847806148796, -0.517034253796051, 1.7514205165724948, 0.8595404956129866, 
-1.5548205841632774, 0.06529997296117414, -0.6868682833333912, 3.3593974111766305, 1.0458387781383152, 3.8661213913087744, 32.36939926668251, 1.2161261273475896, 9.59890604028125, 1.2167076547150513, -0.5670806258190499, 1.7762036619434796, 0.7035940358460784, 
-1.7813598094728729, 0.09718975479181723, -0.22137895224037688, 3.1909530796101357, 0.967651231987043, 4.0275597330721045, 32.37499632919793, 1.174330094403954, 9.424185427188837, 1.292625075649347, -0.7020779617739361, 1.5807510130371987, 0.5394862977845204, 
-1.9222943652289093, 0.12357089647531218, -0.044574010351322774, 3.1256269719606875, 0.9810199533920612, 4.13555454924621, 32.16493552808002, 1.1356555783944717, 9.107875299801524, 1.3797495071431054, -0.7589002007447808, 1.5723585756618157, 0.4927099377859289, 
-2.0968303139337965, 0.03079970328608404, 0.2978081027203321, 2.904845970228231, 0.8461607486617185, 4.193377217828444, 32.09848041834908, 1.0461303157521342, 9.085806263744931, 1.5762690806071897, -0.8702378501796574, 1.3474855098616019, 0.45492698660408887, 
-2.1846609036845464, -0.03675747847132141, 0.3799612815145174, 2.8253115705830374, 0.834790344585347, 4.237126242501077, 31.905733019832596, 1.0022096132026992, 8.921955719834866, 1.7339146356055481, -0.9198208254560735, 1.3186903842568776, 0.5011222519115531, 
-2.295762779027932, -0.22651114126257144, 0.5764997841057642, 2.578111182667113, 0.6761082961917463, 4.197900884467469, 31.807222867625402, 0.8910950895840533, 9.048517971644303, 2.0125355449289906, -0.999394212395722, 1.0968528453486721, 0.5775176608394664, 
-2.3198306612040525, -0.3666607623550477, 0.5433085974055671, 2.501466273308699, 0.6688255594444565, 4.19373914359247, 31.65969703872106, 0.844846928339331, 9.030133476915438, 2.198116434422696, -1.0410843637108318, 1.068074149335718, 0.7002968932330392, 
-2.340952348873757, -0.6265489107264317, 0.5667700806557471, 2.2775627761698423, 0.5339893235700678, 4.072129088954888, 31.533345610342074, 0.736245913892322, 9.272046173857074, 2.5040356930209895, -1.0715185131675298, 0.8570782294940151, 0.8533086063186085, 
-2.289352741131959, -0.8036063957905684, 0.40507444457550595, 2.252864155529134, 0.579133094501411, 4.042392674218816, 31.42841143484161, 0.7147290586725062, 9.34077175642179, 2.663877739193121, -1.0970070255426843, 0.8490564925841848, 1.012067645478865, 
-2.2123821558081875, -1.060005769097773, 0.2252786801490109, 2.1395811094002353, 0.5688081437413256, 3.9354127911838304, 31.304283658666435, 0.6450092069058437, 9.60339075909709, 2.8994310251411632, -1.0924807612782674, 0.7193698515709622, 1.1818115705299415, 
-2.0902465010322584, -1.2177219868729954, -0.07705174364626174, 2.212219383069756, 0.7260012784445706, 3.961676195451186, 31.268931540430206, 0.6637578916523906, 9.698211379395214, 2.968642418720998, -1.1195364183191159, 0.791951124516348, 1.3488311269080637, 
-1.9319071449794893, -1.4273679452461543, -0.4223784609592989, 2.2400631247312552, 0.8379396239135184, 3.9103937153079866, 31.1775977736798, 0.6480010075584499, 9.969109557718168, 3.116557005992183, -1.0641961598922005, 0.7301995839325938, 1.4988029628778523, 
-1.765827244834151, -1.5270363342706892, -0.8101368393391516, 2.4299562771766805, 1.0881726890183958, 4.000413420458577, 31.221849730524195, 0.7368260985837299, 10.052529160900194, 3.069476867924662, -1.0841934865554521, 0.8766418528753591, 1.6446020922774716, 
-1.6082857692737762, -1.6148139618461772, -1.2685770711112967, 2.599637006155567, 1.3288760092976797, 4.081152197589725, 31.20791774352563, 0.783475415920331, 10.25532728773355, 3.093862167803122, -1.0333889626800927, 0.9399960529972737, 1.7465793110456016, 
-1.4894052361009615, -1.6079478479579083, -1.6648547573081116, 2.827648996980945, 1.6181457697272796, 4.2677973304021855, 31.302881290411715, 0.8842282089223032, 10.29963929271652, 2.983245676255272, -1.0776351384406717, 1.1629967667924759, 1.865195353602545, 
-1.4198645618490913, -1.5526906437688994, -2.136165121007257, 3.115637059554884, 1.9114862379951678, 4.468521410401651, 31.298503631090675, 0.9752337622737617, 10.349387887953803, 2.92735006225707, -1.0467404955296689, 1.322598493197263, 1.8937212848484641, 
-1.40693525964937, -1.4353218049848695, -2.4468857182085295, 3.328780794466359, 2.160562424226775, 4.711894779596233, 31.375586339230903, 1.0605260181017442, 10.285971995728051, 2.7857246965867, -1.1334248791023314, 1.6044340219657216, 1.9853517160120164, 
-1.4753622109877669, -1.2312831142648937, -2.8137323379486276, 3.6181130723748023, 2.424368551469053, 4.981378658282153, 31.344255326648224, 1.1376274005735663, 10.195152276113802, 2.728977687891942, -1.1220330062466373, 1.7888291995337544, 1.9265465225344607, 
-1.5548556604245243, -1.0191310914978657, -2.979316847366054, 3.756990766795292, 2.574085755166165, 5.215325935450855, 31.329707056607898, 1.1552848476375255, 10.055772404173638, 2.637079800307269, -1.1781636690075383, 2.015750170789156, 1.9496096447210622, 
-1.7578363469411815, -0.7141319731700284, -3.1474852639811215, 3.9321270830338, 2.7297773907885055, 5.4694275269923205, 31.224278435055677, 1.159387072341372, 9.84927237372263, 2.6414432154537084, -1.1753849787127413, 2.1451933485610444, 1.8072630153673312, 
-1.8749513055710425, -0.4384773107498853, -3.1235633566892904, 3.93298064840732, 2.750593684520102, 5.636797262243009, 31.097709426599238, 1.0720541733245066, 9.680190141916894, 2.6158599115764125, -1.1687770014663605, 2.256807093307294, 1.7601990984386553, 
-2.1351985520015586, -0.08271584090921055, -3.093862599389285, 3.9968565246928147, 2.780189843501055, 5.787585309475518, 30.91889089582836, 1.0172364250264236, 9.429741626363866, 2.6710353042303927, -1.126510500854064, 2.259156831636997, 1.5234351113617892, 
-2.238090511818324, 0.22806339573679302, -2.890100122562443, 3.869278344512093, 2.6764057194775166, 5.8644788283805225, 30.751249520062522, 0.8334680814290863, 9.303950390945174, 2.689480844747338, -1.0474896793694273, 2.23352766443432, 1.4074112010977755, 
-2.5032324340280754, 0.5338122753581909, -2.715005931615919, 3.817290712909265, 2.579959458034123, 5.881378206813079, 30.583175194515615, 0.7267871302718482, 9.105799736918994, 2.7739336282777796, -1.0070615368378932, 2.1324902996118453, 1.1511108551775107, 
-2.622639841016635, 0.8045330063751558, -2.42135160180614, 3.651829433954827, 2.3810636644063283, 5.8496719854706996, 30.44990030942406, 0.5220192139490393, 9.035540611928498, 2.827550704166601, -0.9162223255646377, 1.9947361900960594, 0.9849009594684369, 
-2.879295245873031, 0.991131620920581, -2.1370799879842943, 3.543460807435173, 2.1743862296810135, 5.704405399159652, 30.41918538454479, 0.44926401041283487, 8.943950597001596, 2.9106024853376895, -0.9350893379132839, 1.811282053683107, 0.7572742124387073, 
-2.9512756250249903, 1.1860082032174986, -1.8015033170655954, 3.361519857253548, 1.8918190118847598, 5.612332747445263, 30.4255576032801, 0.22993196733315777, 8.995290229459354, 2.944662005096366, -0.8588572845399705, 1.6423065645803443, 0.6483597076842815, 
-3.1783052064042283, 1.2155009925955864, -1.491820128502801, 3.255017732332646, 1.6311054628274377, 5.3717533995335, 30.63374147953845, 0.22153585522001046, 9.007845571371586, 2.991458468208234, -0.9702297663572881, 1.4684226673398146, 0.5267357718451737, 
-3.270532494168635, 1.2947944439084802, -1.1823582450113794, 3.129414313464809, 1.3353119574523797, 5.254917308604741, 30.906400310122994, 0.07531337689230999, 9.13564668377397, 2.9873930861227973, -0.9947196174002978, 1.3378525986145522, 0.4865869004676847, 
-3.4222802815309876, 1.2050176835986854, -0.8688217509718557, 3.03992168130191, 1.0369651632084294, 5.019596157349163, 31.404575665843858, 0.08444071056332002, 9.258401246128326, 2.950129014475086, -1.1683539395428018, 1.2438442806758032, 0.513071624012009, 
-3.4512992305801147, 1.2247639271738826, -0.5784424097384668, 2.979075051120839, 0.733633071072246, 4.970474049956521, 31.952486291159154, -0.05627861671664772, 9.470678387803003, 2.8665162335446728, -1.2162795452979127, 1.1898889514189541, 0.5669917564063985, 
-3.4589242311534916, 1.075318420335968, -0.32195681976872054, 2.939952534841203, 0.45543707098263664, 4.858290199328896, 32.647814669957455, -0.10585218050601787, 9.665225818089787, 2.7313788061821676, -1.3653913332419576, 1.2196119566359427, 0.7313029977467509, 
-3.413884827575924, 1.0520332334381404, -0.07721773321531342, 2.9419655939554112, 0.19153727402150938, 4.874930445473316, 33.29639642570159, -0.2590847889674466, 9.882679995304226, 2.5866256586226157, -1.411868489217813, 1.2322076575865046, 0.8309258258343104, 
-3.330825643526459, 0.8591463561025529, 0.15644746068189455, 2.9207705406762856, -0.05519872628019414, 4.789484309402553, 33.94753042981864, -0.33649828539827537, 10.04038625066993, 2.4095321485812407, -1.54362573657084, 1.315445221916683, 1.0466580375127406, 
-3.2646812385742776, 0.7713106416079376, 0.40160309891888407, 2.917394003459913, -0.2822646252394207, 4.719373874542071, 34.44018133346984, -0.45546145190265735, 10.15801013767833, 2.2598064400143656, -1.618708490322409, 1.3175027660253635, 1.126374223100909, 
-3.1466738465463093, 0.47909391791841827, 0.6199083043112028, 2.8374140366431, -0.5007219478983339, 4.515124164027311, 34.79894103979395, -0.5108527677160152, 10.176658900686697, 2.103656289901467, -1.7760497506264163, 1.4220651419162076, 1.3859905931593006, 
-3.154012827493314, 0.36936192817020813, 0.8921427526421051, 2.764110939983803, -0.7237471874441582, 4.267191611520174, 34.974418970629785, -0.5959948011298648, 10.174344429802016, 2.015277116121647, -1.893940897625543, 1.3270252390520005, 1.3542331487601944, 
-3.03130327189723, -0.007790177234094962, 1.1058145322808248, 2.5864963556057368, -0.9303942991186004, 3.900503702139537, 34.99205359780234, -0.6282237341624897, 10.048128715248419, 1.911512209178347, -2.059068221375358, 1.4241216486016752, 1.6300555569900501, 
-3.0411811116374246, -0.2593967807993229, 1.3381303122955022, 2.3961050971239506, -1.1542119028049076, 3.467320381872132, 34.87776536935181, -0.6766457498599767, 9.930451562626537, 1.872889329529133, -2.2122941276598684, 1.3615085970580658, 1.6770601276907497, 
-2.8900282276043914, -0.6812973959650871, 1.4828551829102745, 2.1124663560010752, -1.3310445380266016, 3.043063685201541, 34.63450451835113, -0.7413908059258058, 9.742331845190195, 1.8223480745097396, -2.3277212619937186, 1.493694663251518, 1.9923814202221166, 
-2.9059282245559572, -0.9627543426281634, 1.6135480259394608, 1.83496169889498, -1.5051618403998648, 2.5953699982819516, 34.38796886239299, -0.8107844414576867, 9.641037195954803, 1.8460292189929726, -2.461688942292388, 1.452033481926209, 2.055174480212788, 
-2.716483042122524, -1.353324958801782, 1.6473541884447311, 1.5201758494826727, -1.5915750038554806, 2.2229388425243624, 34.0796828495369, -0.8803614276300461, 9.523639744204926, 1.8387642915417535, -2.49768685072336, 1.5694016959004105, 2.327729198721422, 
-2.6827886294819643, -1.6381964742193118, 1.6391738378283847, 1.2083966471560457, -1.6543684091253132, 1.8634969036228717, 33.85846223435458, -0.954641720470307, 9.528278413139072, 1.9055450399123621, -2.5797090185167577, 1.5546230697121317, 2.3998262149664935, 
-2.419819546364542, -1.9715458922988716, 1.5636241824221584, 0.92388506935781, -1.604198441202725, 1.625591034152844, 33.6756749140892, -1.0031683287438253, 9.572048175614611, 1.9198561370895693, -2.521454390374916, 1.628655567482955, 2.5874394614875422, 
-2.3875904756582265, -2.215918573957567, 1.4326357325393178, 0.6582060618057415, -1.5521287477430912, 1.358553270555639, 33.61891687993493, -1.0317702017993289, 9.761120090606939, 2.0203067806467567, -2.5894800632985864, 1.540208189026357, 2.5559714583280106, 
-2.074649073404575, -2.4635572638957, 1.2952471531996939, 0.46755885875781, -1.3619411405964021, 1.2827414423876233, 33.68194866726389, -1.0230871080017505, 10.019896575788517, 2.0682005976326767, -2.4719715985827704, 1.488927137468576, 2.599631934181115, 
-1.992159717878817, -2.643771574916131, 1.097243212885303, 0.2974823792237468, -1.1899916027648823, 1.1707640266177695, 33.79908044701388, -0.997588078954809, 10.358284423864884, 2.1838162622825528, -2.497456239076881, 1.3324590997713843, 2.4902647055428195, 
-1.6651390801877886, -2.782266138845882, 0.95358828397387, 0.2563471823221448, -0.9045296033710768, 1.2348902984890264, 34.08152394347494, -0.9073097087045326, 10.755945439267224, 2.241493918822304, -2.3425296417784898, 1.1411605371773104, 2.3809722546335905, 
-1.5483475467628833, -2.896025359077588, 0.7336123500532152, 0.26664738310874714, -0.670305729376685, 1.2306493082293408, 34.34178132500263, -0.7847225381682582, 11.141699596408515, 2.343989900991761, -2.3129849994555456, 0.9173813402470777, 2.202660423854378, 
-1.3055085321864817, -2.955016985171713, 0.5737688058853029, 0.41495395572046156, -0.3793882681242191, 1.3730841943278724, 34.711513731079, -0.6305656374991334, 11.500372747940816, 2.4174817924685494, -2.169210486996003, 0.6599892040947976, 2.0038461808679076, 
-1.262992682707292, -2.9935707571151626, 0.32396913839222696, 0.6055249343651395, -0.17504038482742468, 1.4383866687012474, 34.95259632021885, -0.4654028856713768, 11.744241269008322, 2.502920640175014, -2.119518882280607, 0.4714262396215838, 1.823143555897402, 
-1.1023906021855274, -2.9644252978780274, 0.19246995539806078, 0.966954206702948, 0.058861074144562014, 1.6371658729661887, 35.29285796036741, -0.2821927562716699, 11.885870786340071, 2.5471202441566683, -1.9497230507476588, 0.22926073753107717, 1.5919073298032154, 
-1.1427806000272303, -2.910078362928841, -0.04477150967484952, 1.313105330016896, 0.19555154552201662, 1.7778285654130486, 35.42478971828162, -0.13850939898948167, 11.876683815013857, 2.6046258493986745, -1.8618815896500203, 0.12428174322710558, 1.4333907451605115, 
-1.1258754900653694, -2.79283462074048, -0.1356192219142113, 1.8166892432987094, 0.3343259817309026, 1.9991244842991347, 35.63049143584499, 0.0027870431540713524, 11.728058546911882, 2.6152465530209894, -1.7152940779151928, -0.05904190808726971, 1.1767901141165558, 
-1.2669975452048308, -2.6345223386518475, -0.3087363645789118, 2.2606983519496193, 0.3974050945634486, 2.192677258435367, 35.63976042851772, 0.08695211651744138, 11.46263035546102, 2.6283097195913547, -1.621517358074551, -0.09914160779854683, 0.9935319572306905, 
-1.4120721207543652, -2.4430173442269205, -0.33482017680150217, 2.7974323533513408, 0.44396743477110845, 2.4027461680651014, 35.71782682310683, 0.14513677686169874, 11.073197268805554, 2.5944987566941617, -1.5631451516711345, -0.22191462028464226, 0.7018287848083961, 
-1.626492233072556, -2.215607485259508, -0.4285641674896097, 3.2547699229715725, 0.44057121366520197, 2.5833476725791753, 35.62447551964915, 0.15043603057622076, 10.626932451823276, 2.5394802309783477, -1.4978366122151736, -0.22201777460946703, 0.4751648317676619, 
-1.8856510155810478, -1.99138152641735, -0.38777940827680646, 3.7331282797096637, 0.3943116972952868, 2.7151744405036036, 35.60737498727631, 0.10412614171140633, 10.100526335948414, 2.4345043929481576, -1.5453944760962044, -0.29954629866133303, 0.15705498964935682, 
-2.1078568217843836, -1.7447723930549166, -0.39925224899729705, 4.104156459585172, 0.32022928626827685, 2.8290793542654056, 35.44494915037752, 0.0164862404466931, 9.595720096497141, 2.293232163422835, -1.512208991366088, -0.2679248185633416, -0.07526493527214201, 
-2.348927356842794, -1.5948050760138488, -0.3242579777798565, 4.429055297466683, 0.19694803685404572, 2.7810619315126672, 35.272482521292105, -0.08705798109435361, 9.081893555561251, 2.1293729767250684, -1.6288474927078325, -0.32108767286636497, -0.3356758989534861, 
-2.4841610978438875, -1.4233436998341698, -0.31304667504903366, 4.623328929576618, 0.07469888683958525, 2.7812455306047137, 34.96292827286238, -0.24207625690409237, 8.652027904697407, 1.95627836728789, -1.584375352942285, -0.26464939609390387, -0.48864936648384805, 
-2.653051306931562, -1.4154594538300989, -0.27503660867513396, 4.672356795866401, -0.11274791239341106, 2.547360326009177, 34.55638538497629, -0.4030954994023636, 8.300448688032908, 1.824569974138803, -1.741612796807426, -0.27139826566442804, -0.5739284782253354, 
-2.6836141052597413, -1.3861441304300819, -0.3036396007740526, 4.59477682689778, -0.2826087094061179, 2.40471739156943, 34.05556579040286, -0.6284780033292631, 8.06480321909728, 1.7065943803212553, -1.689833167760568, -0.18353779098765172, -0.5581656873421873, 
-2.750309775632005, -1.528634197605381, -0.37985467760384, 4.300353771587167, -0.5340087553419456, 2.025452212857901, 33.3729620276705, -0.8694529306072731, 7.987852702843392, 1.6799923778150763, -1.8358948987769272, -0.1024374158451866, -0.3676814182766059, 
-2.6535240986783832, -1.650220238611431, -0.5077763188674286, 3.9461733594540744, -0.7461805948370114, 1.7514569118979104, 32.71740796072056, -1.1611372953233479, 8.02683117800216, 1.6542209876335727, -1.757376706868151, 0.03459963867199773, -0.1219971952896973, 
-2.6025383453547253, -1.8304992869369558, -0.7056481225376109, 3.384215405649264, -1.0185533461560374, 1.4130445899126438, 31.96639517343106, -1.5236547641698086, 8.246437793813035, 1.7106107721243784, -1.8163295082587012, 0.23949086473582723, 0.314420568894698, 
-2.3774617375179097, -1.9560727351931293, -0.902844286159661, 2.8849491239212446, -1.2184321662834265, 1.2245498169856033, 31.397711736548427, -1.90931204316334, 8.531876014801796, 1.7158640030885368, -1.6426208084284677, 0.44195602906021997, 0.6975516346185394, 
-2.183323129121818, -2.074145661187168, -1.151723581612252, 2.2833879986731676, -1.4385441355018234, 1.0383126004735748, 30.813524597132737, -2.3211414844242255, 8.991396464799802, 1.7641395553388943, -1.5922830574041826, 0.6818102543726535, 1.2019573077851708, 
-1.842692362480419, -2.1034221736465026, -1.3196315075470102, 1.861597676220113, -1.5342700628627615, 1.0548423538494982, 30.518870453064775, -2.716511973433807, 9.386052660769478, 1.7133467203597736, -1.312669354064606, 0.8618624799039679, 1.5001429557713444, 
-1.589960698844227, -2.041928155177214, -1.5109507610796022, 1.412601080335676, -1.6247964090979572, 1.1545672266000153, 30.24129160773795, -3.103737470918033, 9.902208866648818, 1.6921379242279713, -1.1872718498537151, 1.0847274840731607, 1.8665758149107998, 
-1.2226675525957345, -1.9887554421330031, -1.6067211102358174, 1.163974488546134, -1.5764775434874776, 1.3482706181879638, 30.17327177627259, -3.4264064114780797, 10.246921392648668, 1.591603177512344, -0.8848091371169744, 1.1893780191313152, 1.9665923078695464, 
-1.0101390024129853, -1.7535346201564737, -1.7090625706587435, 0.9567932056422608, -1.5380289385109747, 1.669620885441617, 30.07866345156625, -3.6889352244901046, 10.637965305758797, 1.538432417593196, -0.7409528618794613, 1.3717901491275823, 2.143787961701239, 
-0.7687606680117032, -1.6025893641019082, -1.7415125348115874, 0.8762595677038205, -1.4151850969850392, 1.9583059143832193, 30.017524507408133, -3.8791664795440832, 10.80470856688271, 1.4706822778218802, -0.5265385076384783, 1.4568341316864624, 2.137682971565817, 
-0.6418472760684697, -1.2864706720974628, -1.756675907128025, 0.8964131278526399, -1.3004910764558828, 2.355493896527397, 29.905990224491177, -3.9738394932378647, 10.934895439346583, 1.4312190269483447, -0.37330173671724287, 1.6066789116271694, 2.1642142743849226, 
-0.5131124237955806, -1.1612233887182954, -1.7121618021504832, 0.9196447137130046, -1.1368801852619752, 2.612386004545293, 29.686684408043003, -4.032736786200235, 10.813432846862453, 1.4147611509087252, -0.24324457368812266, 1.6669854132132598, 2.099860780961776, 
-0.5152567767975864, -0.7752643852308982, -1.6273678122923587, 1.0802202691021967, -1.0250681049277215, 3.0489144187219352, 29.44555156387428, -3.9670049670167997, 10.690762005372372, 1.433725108475515, -0.12513881709615562, 1.8369943776729736, 2.116143765747729, 
-0.5209567108438421, -0.6317340208282849, -1.5008812745415698, 1.122694356165123, -0.8698062102090063, 3.307032672077869, 29.014914694027773, -3.9164549442368255, 10.369810550234298, 1.4917388591363956, -0.10975069882689438, 1.9164104457485194, 2.101641860184215, 
-0.6041031942330358, -0.2263070008642397, -1.2974406675348418, 1.3374507288171256, -0.7862905638987041, 3.726136078735956, 28.67301224403877, -3.716487462518815, 10.105886783974977, 1.5679987636969466, -0.029985697626421507, 2.057233245556334, 2.1328374382554225, 
-0.6988302414109399, -0.04954069785593316, -1.0823596550812993, 1.382753471575006, -0.658034480903676, 3.978276099273776, 28.195172675316407, -3.560241535754422, 9.74191896699695, 1.6755478941934552, -0.07858378182912036, 2.113764862305423, 2.1466952085853417, 
-0.8610550471562476, 0.29758265194108713, -0.8162670225399458, 1.5827008616456386, -0.6281802889808062, 4.289686994757436, 27.923254276781766, -3.25934279831652, 9.506065435957469, 1.803651114620862, -0.04544772417776626, 2.1794164556409017, 2.1631992136876326, 
-1.0032057941813266, 0.4159131026633578, -0.5682302456075986, 1.5620814558781306, -0.5176969786388719, 4.461196414646127, 27.58622120004065, -3.05359359100133, 9.260748941423156, 1.930805226866555, -0.16361335901631377, 2.1565572869219536, 2.150130687236215, 
-1.1793347773459972, 0.6478030805730081, -0.3014003358330959, 1.7214070710149125, -0.53658632012736, 4.602104591110319, 27.56980721916697, -2.693815326977932, 9.218105970991148, 2.076730939980322, -0.15478504202473328, 2.106328033137244, 2.1088770662030125, 
-1.3158372019935614, 0.68685975691086, -0.08175862821875615, 1.6489136113209293, -0.45864909726710934, 4.653628447789299, 27.501424092590145, -2.4729219343026494, 9.20017707669635, 2.1877760986306196, -0.2968647809923898, 1.9939532063551322, 2.0447874747890786, 
-1.4325835437291905, 0.7846424042624087, 0.12814901770635234, 1.7718366766277578, -0.5177090396945975, 4.601332290853613, 27.72881758355774, -2.1155639828494857, 9.367961756339021, 2.3033574421750718, -0.27068842353859, 1.8329361526406702, 1.9327811193420152, 
-1.5310867317116708, 0.7592177023572106, 0.29670158653422146, 1.6474644149665854, -0.4637123583523877, 4.535060731521148, 27.855180163518682, -1.927392599203428, 9.519552819356887, 2.382147330086551, -0.4116591262835542, 1.6473764110317966, 1.8236594642759933, 
-1.60892693513605, 0.7682053532361773, 0.4358334412341615, 1.712419738208068, -0.5586889646607817, 4.331888411270236, 28.20520074895789, -1.6205746669853425, 9.810910861983244, 2.481157903336749, -0.37460445927855107, 1.4230364190272307, 1.677371778616784, 
-1.6782154201332455, 0.7131973466777806, 0.5415577105581969, 1.5568594275990428, -0.5349782064974273, 4.179067243917174, 28.41950639382965, -1.4809123110928866, 10.041373354194945, 2.535588313085352, -0.4976483335395741, 1.208641074350984, 1.5584273060746832, 
-1.71593473565162, 0.6720995407083964, 0.5965944708672181, 1.5914041247217665, -0.6499569945164941, 3.8814934335342888, 28.732956258964258, -1.2489698644155998, 10.318764418020441, 2.61324677068813, -0.4407753939157397, 0.9845219972583958, 1.4228600747694067, 
-1.759038051127894, 0.6186352929574438, 0.6254232295301784, 1.4519741088610423, -0.6579498622843772, 3.6834015952212535, 28.885417683218023, -1.1635705083952352, 10.507338388163603, 2.649825079553356, -0.5274170311086716, 0.8047756683537963, 1.340573758107026, 
-1.7568476777612352, 0.569698550254716, 0.5854770017882985, 1.4698552815254324, -0.7712211638724049, 3.375304122658276, 29.02262100109125, -1.0425323218163107, 10.667423212257203, 2.6996212921032696, -0.4551382839306639, 0.6481182485792752, 1.2612304640369008, 
-1.7939231118725172, 0.5397548698173615, 0.5473094789427178, 1.311155543642568, -0.7723236685503589, 3.2216357088519283, 29.05829036771802, -1.0455856306536786, 10.772049826637225, 2.704135423457449, -0.5556770883188922, 0.5392693082715679, 1.2367598301708833, 
-1.7611902991114003, 0.5110974871550907, 0.4116048441638094, 1.3303991835729858, -0.8672774862101351, 2.9934144925553743, 29.031999112071617, -1.0566610245563548, 10.799824890477934, 2.716237605340055, -0.47682447335664685, 0.5007286925567073, 1.2331136586181988, 
-1.77624030194652, 0.5186695949780735, 0.30160461505122815, 1.218496976101788, -0.8690011290499973, 2.91709477499243, 28.93353251710129, -1.1407067935678954, 10.793783394919418, 2.6814420939040513, -0.5555856522110351, 0.4891062502248125, 1.2704155687543741, 
-1.7083000559956243, 0.5312590329793565, 0.07598388645905291, 1.2677938219817675, -0.9201040747407327, 2.8314182309832407, 28.731911655146025, -1.2901017198065161, 10.658249438284136, 2.6447439981625673, -0.47218044317040275, 0.5905878254955369, 1.3396596831783383, 
-1.6984361711539075, 0.5906265154216428, -0.08086575577989752, 1.225995268610114, -0.891564972827026, 2.8826250425654436, 28.556986486199136, -1.4363279987571482, 10.565324235999576, 2.5569079185579517, -0.5500124327922612, 0.6538175389241222, 1.4100489455128173, 
-1.5994107989614308, 0.6932382311370076, -0.3343659278756872, 1.3135944463651648, -0.8510337969516092, 3.019308283384828, 28.30744409583365, -1.6985683357434282, 10.333847270354049, 2.4471654937904552, -0.4962128140790115, 0.8377182602470751, 1.4877026553322878, 
-1.5675463825356168, 0.843994417194576, -0.5017492128039057, 1.3720301321310517, -0.7767160756760869, 3.2298066679468658, 28.11703490447731, -1.8892475135159794, 10.166189302807116, 2.3097638305107395, -0.549384380659416, 0.9470567123382049, 1.5356437680104555, 
-1.4544092833062492, 1.0681161457378927, -0.7228662508385912, 1.5004888057162675, -0.6410256414244613, 3.6033795045407024, 27.916652974947432, -2.2407181475064, 9.87529052798968, 2.142418564759926, -0.49925672511513286, 1.1720715580836716, 1.5546515266611567, 
-1.4257337885770416, 1.3167376414016023, -0.806820950148634, 1.619166231253834, -0.5190808995378217, 3.9363968987301448, 27.82700579544011, -2.4090155080710076, 9.714778724043818, 1.9667659089635514, -0.5397118760223505, 1.237333873874293, 1.508112874031769, 
-1.3376791036117295, 1.636102642540953, -0.9099834767971051, 1.7380400035315053, -0.309093597349169, 4.436544472578869, 27.755285036475968, -2.757145744793598, 9.441170091522537, 1.7702586298354988, -0.5117717080972954, 1.4050770824497252, 1.4047329144214387, 
-1.326769231185129, 1.931595868556286, -0.9043436769934068, 1.878519736984088, -0.1562483188728026, 4.800362399077398, 27.784942039556945, -2.867932671899829, 9.321428351691452, 1.5934114543943876, -0.5383816523575397, 1.3941391440105164, 1.2524693936097877, 
-1.2829225816143957, 2.2729409014335604, -0.8918940909503342, 1.933688468455179, 0.0970544084382387, 5.315440917642433, 27.902407546961708, -3.1890810716002194, 9.121396067302284, 1.4069905331424115, -0.5480095487286215, 1.483562755810672, 1.0342728924022095, 
-1.323388531151776, 2.511437340921249, -0.8259590846178686, 2.0045844924246072, 0.23831141387773727, 5.585512586810416, 28.061096514756215, -3.233720022072867, 9.099918184582611, 1.287091780375609, -0.6120487571857921, 1.4066843752449487, 0.8414679782276184, 
-1.2823449582883635, 2.7369719666886216, -0.73444286077828, 1.9653802537154392, 0.4908443326629314, 5.97771376139467, 28.35790581709088, -3.480242846217903, 9.044481432147936, 1.1383021602598868, -0.6814433987077946, 1.408600876024063, 0.600018165856396, 
-1.3358693331316598, 2.817077046654519, -0.6618125032248191, 1.9504200201138227, 0.5840155591233857, 6.066490234161449, 28.613494312875396, -3.4434310593477293, 9.1575928132041, 1.0911054223769932, -0.7898643544668006, 1.2909527667778464, 0.46227852323750873, 
-1.307389950863312, 2.813776584467783, -0.5657269550658636, 1.8010520557221266, 0.7941450915438161, 6.2212821446189785, 29.030640256723103, -3.5784411574191095, 9.256291336204319, 1.0079869825821988, -0.9575464394075333, 1.2478805681613014, 0.29605696678654414, 
-1.3454932336138026, 2.6830585208664703, -0.531335078381853, 1.7170593157561218, 0.8186504288590549, 6.103715964400287, 29.325247294348614, -3.463838730856086, 9.472277150290257, 1.0266136260943068, -1.1027433559655315, 1.142668692732841, 0.2863627340088205, 
-1.2887179598109586, 2.4178421873098204, -0.4620820705878385, 1.5137644538390451, 0.9527868876510226, 6.007311392989312, 29.761354708829902, -3.466797036146793, 9.673200504810064, 0.9938311025353213, -1.3304528218962428, 1.095207505432533, 0.26622484017201603, 
-1.289576745758886, 2.1046945811668896, -0.47459384819804545, 1.4099774385010282, 0.8997396735902072, 5.7390823229763335, 30.028282104060292, -3.3077393561330055, 9.904526109636144, 1.0500519443104817, -1.4652264535985864, 1.05035761427101, 0.39897844600624166, 
-1.2367847166878938, 1.6569200041618726, -0.4488988835811959, 1.21730520524511, 0.9505599512778864, 5.4866520845238345, 30.39686631148417, -3.2219451461967523, 10.093688363694215, 1.0667893135912863, -1.6995347507133327, 1.0455169517548393, 0.5016552469977831, 
-1.227193598407777, 1.2706216144971378, -0.4965259269663681, 1.1493587867098953, 0.8157096792422557, 5.162049976515247, 30.582743235857258, -3.0524609504528404, 10.248196399413917, 1.1463984173960302, -1.760249236947482, 1.084096370645659, 0.7303252842862102, 
-1.161627335320856, 0.732662321230853, -0.4727021765117467, 1.0181767765605394, 0.8249507771814921, 4.835650408951874, 30.872943470894253, -2.9155732381777, 10.3232887639087, 1.1615559481697426, -1.95394655427205, 1.1202022000302392, 0.8673117936234204, 
-1.150601062154957, 0.35574251555028763, -0.5259395992713228, 1.008627922963366, 0.6269511206646893, 4.514535177316445, 30.994016060953612, -2.772870577663628, 10.356148144772376, 1.2498218570191064, -1.913773973148279, 1.2277449915907555, 1.1272279452289842, 
-1.0801608299006433, -0.2049222870176437, -0.47508437897735606, 0.9771276579249306, 0.5912444858884904, 4.145434332156623, 31.206146805585433, -2.6030940893093484, 10.29471641799738, 1.2694337620291487, -2.0356243964526683, 1.2609719407518385, 1.2430123353669877, 
-1.0563354316802542, -0.5561829656099532, -0.4955360113817313, 1.0287301657464878, 0.37447212067499924, 3.8219912392580815, 31.280362738385215, -2.4888015490841773, 10.215750986752301, 1.3582649658019599, -1.9269171416709894, 1.356428797177712, 1.451729964319382, 
-0.9910995404014097, -1.0772860254608025, -0.40828193484799274, 1.0639422317736043, 0.3199839007082941, 3.431027892736632, 31.37052340227684, -2.325003426981519, 10.05124667355361, 1.39750752338069, -1.9906920740830334, 1.3322633765658827, 1.4901503879204756, 
-0.9688917779890939, -1.3667421418807042, -0.3906417052261911, 1.136611546234397, 0.12694092766411533, 3.1155471584033085, 31.340253035879694, -2.251391491682777, 9.899783525557808, 1.5133342383063615, -1.8561904938810723, 1.355438120112729, 1.599918532158508, 
-0.9630745104493966, -1.7683292197656597, -0.2751435458941487, 1.1858307615692345, 0.07357942686804055, 2.735944387511994, 31.23474971494108, -2.1193117609321592, 9.653469315455169, 1.6142783068741602, -1.8900922395338822, 1.25223226075411, 1.5391842752955402, 
-1.0271971512130498, -1.964530641033443, -0.238686598166002, 1.192631189627947, -0.08576767778585102, 2.4375039740112476, 31.050374425099662, -2.09895465707793, 9.458524371848377, 1.8106732866487145, -1.7901022003147844, 1.2138593178693997, 1.560375036609174, 
-1.0493525871162896, -2.257041966983963, -0.10381198899524537, 1.2427584121367377, -0.09571388373681686, 2.0813255429621735, 30.731305080644304, -1.9538168953084931, 9.174206942146654, 1.95918503422891, -1.8089223084563897, 1.0339647794904248, 1.4172118004777075, 
-1.1338916539829487, -2.4084749732759536, -0.02616798096489633, 1.2364054909093471, -0.16015413377966223, 1.7768991554566977, 30.370890027314342, -1.8771852251998373, 8.926971999687153, 2.170513762939378, -1.7633779437990706, 0.9118507668006839, 1.334344420703448, 
-1.2228741223474997, -2.5433895497933587, 0.08474364832103971, 1.2450499282885485, -0.1601501804820826, 1.5006620030132174, 29.91809273958524, -1.7449113454170129, 8.654892292041554, 2.3593173521926096, -1.749879207111571, 0.7484475976203553, 1.1843555971877306, 
-1.35962820704154, -2.5793378982792903, 0.12580115519124432, 1.1825716745859582, -0.2055022051378445, 1.2699787076136215, 29.514537529506114, -1.6876657049542847, 8.444014136061897, 2.594160491669838, -1.698497640640095, 0.6602655731622952, 1.1177793897035297, 
-1.4971708518488323, -2.584020126918895, 0.22403632660655295, 1.1638462530250844, -0.1790933458480063, 1.1183883136122386, 29.10807857493601, -1.5484083961075221, 8.226039562549808, 2.758102064513879, -1.683878802809336, 0.5578480250496759, 0.988646517848508, 
-1.667193890337769, -2.5246347563889855, 0.2381064795043198, 1.083134216398186, -0.18942442662037995, 0.997772798302868, 28.791053240249802, -1.4826520283700004, 8.061499491060538, 2.948089749360815, -1.6382011438253852, 0.538404084728857, 0.9449372533742022, 
-1.8254118434247315, -2.368591458883116, 0.2832553406399201, 1.083126055189628, -0.15048841403020763, 1.0605627604230854, 28.5837557848034, -1.3636287193684935, 7.958406685411871, 3.0372754007155494, -1.571989179639795, 0.5595014013906312, 0.8747769621260962, 
-2.0414912669296097, -2.1957661853338086, 0.2420482732637194, 0.9856031465083831, -0.14680932012921138, 1.1179113369686595, 28.497856253940935, -1.3443255628869522, 7.885905884068063, 3.163061158445509, -1.524819170134532, 0.6635575658687283, 0.8881072278364641, 
-2.229438942910744, -1.8740767918245944, 0.22494623720158605, 0.9771399947572588, -0.13159851333580005, 1.4123860294853716, 28.610589548327944, -1.3189319240220836, 7.9146680534409946, 3.184808830422495, -1.3924407674998105, 0.8472313648506695, 0.9081241641365415, 
-2.4482602557524387, -1.602840064863789, 0.14745536507815685, 0.914130965890696, -0.13921932685538077, 1.6234090547702513, 28.760884095581392, -1.3494514638685773, 7.900602496920839, 3.2335596225597216, -1.2945422298984004, 1.0591054659951966, 0.9717086792049519, 
-2.6361838929927295, -1.1431511291396403, 0.08535409198611206, 0.936297076039127, -0.17008166817032472, 2.1224570688204576, 29.16724605319063, -1.4212312913966922, 8.04177647232974, 3.1747797628325554, -1.0759502514108759, 1.3749417661063594, 1.0738998949275387, 
-2.833714572068887, -0.8256691432434654, -0.014037627402254562, 0.9221440105479385, -0.20867175025526413, 2.3927928812646115, 29.47392605863511, -1.5033858383558603, 8.02487640256671, 3.1638224393895937, -0.9158256761690902, 1.6428465843822506, 1.171379115127355, 
-3.0108455631261837, -0.3392830059149977, -0.1373992785268979, 0.9822591258759797, -0.30544275094915063, 2.9107057465922597, 29.976308851339162, -1.6433061951696408, 8.161171000277934, 3.083732256599236, -0.629441308552457, 2.020841210293982, 1.355432016424007, 
-3.168777787888105, -0.029945472203645823, -0.27478275029613825, 1.054137117504185, -0.39086140283628323, 3.1757055143606285, 30.312467308073433, -1.7591527801810942, 8.09842796452302, 3.0490482959386, -0.40497783192846254, 2.3061311603969106, 1.498212305082857, 
-3.2955439774558437, 0.37527290083823356, -0.44876729910474805, 1.1832305188133738, -0.5431734274654483, 3.5560453482253656, 30.71964935391778, -1.9042387744956009, 8.156796466745366, 2.9877398109484963, -0.08511631720468213, 2.6437990908235673, 1.729294558549789, 
-3.39863002412808, 0.5637272244706623, -0.6110338006548565, 1.343350276634747, -0.6470882871257451, 3.6670221121356628, 30.89469210487806, -1.9880805685083864, 7.9542671869481, 2.9720483483432196, 0.13429670573330346, 2.863302003308327, 1.8848329369457864, 
-3.489254503783413, 0.8352391116050705, -0.8251564958662166, 1.5135270811491672, -0.8325729315474366, 3.862839316096221, 31.11249357051788, -2.095733668606519, 7.933992399434639, 2.96441862423484, 0.40498138189950295, 3.1208657574804013, 2.165005351334504, 
-3.552436048427849, 0.9279102987803061, -0.9980431967028441, 1.7320986109818597, -0.9426636558448299, 3.8755152730425606, 31.13916383918463, -2.134904917197916, 7.668471246387748, 2.987952978476025, 0.5744399390597319, 3.270558133053488, 2.3525691169335645, 
-3.6126114790322577, 1.0467442007769672, -1.2108766435725036, 1.9073495860042733, -1.1240200893157248, 3.8834520894465108, 31.152024978889674, -2.177450624643552, 7.595227723056802, 3.0497800979276986, 0.7316183882125974, 3.3967663744141934, 2.640376457540792, 
-3.651573063863928, 1.0483546421223013, -1.3601988188665233, 2.1489533242561656, -1.2128140620646435, 3.8323233500076515, 31.076850511002576, -2.1629276678105867, 7.320748785308835, 3.1185380547772854, 0.7971006127727308, 3.443484928985394, 2.832379519808174, 
-3.6835625466423805, 1.0217156229573099, -1.5354792046763075, 2.2894470957831383, -1.3562193436542604, 3.69942907969682, 30.960612166883077, -2.141446858148976, 7.290657548936859, 3.235910564899637, 0.7836188362218179, 3.3918924170942018, 3.0809162468983025, 
-3.687654058250949, 0.9270821955784826, -1.6368453572338455, 2.518350032174382, -1.3813342997366835, 3.6170507745770357, 30.85864001098369, -2.065349595615012, 7.107852306944711, 3.3299664176976065, 0.6943348559141124, 3.285121964799056, 3.2244635567636, 
-3.6932416601792095, 0.7673992350932747, -1.7575288245738918, 2.587333455507827, -1.4447637462460237, 3.3973246420751027, 30.722957685412986, -1.9915285398743108, 7.220348809688174, 3.483578848254317, 0.4723481621321862, 3.0226695897814206, 3.375386489796517, 
-3.677015317708273, 0.5867108810605911, -1.809339837701558, 2.745241912019743, -1.3846216307924595, 3.3074953188011427, 30.650785669166854, -1.8809158812825828, 7.213707611296304, 3.6003890453883227, 0.2051263201140875, 2.7460741815061867, 3.4257599233007423, 
-3.637716064228353, 0.3238391442170192, -1.8629220000929287, 2.7299358147837203, -1.346017172015119, 3.0467849163336513, 30.541845415827503, -1.7850285172324005, 7.487945910583539, 3.7564830111971603, -0.17701030344431026, 2.290269049600103, 3.4204533255669265, 
-3.556130348507269, 0.09371458996584722, -1.8511693596350451, 2.8235770309949166, -1.2042464376118096, 2.964054498734764, 30.484335519843874, -1.656717402838544, 7.629857998466926, 3.8553751275622603, -0.5241247080056248, 1.881355929454056, 3.354205273013614, 
-3.4696284654097025, -0.21122723095157037, -1.8354795674164723, 2.7133891633074745, -1.0928398735650473, 2.6749832248807968, 30.359586338470006, -1.5708869278241844, 8.009945186214207, 4.002284644623201, -0.9698367766988386, 1.2976419113757462, 3.2004939615057793, 
-3.331456209043693, -0.4272208632265383, -1.7583267665647613, 2.729610365272896, -0.9049043068907405, 2.6139859157226737, 30.279536108618178, -1.4551920242589909, 8.225051574238258, 4.0644855516763005, -1.3047479542044909, 0.8457041558870687, 3.0440378879076246, 
-3.165895028509639, -0.6707400285893861, -1.6580761793798926, 2.5907479381792675, -0.7438178120285351, 2.3691208502218184, 30.155786988960404, -1.3807079211835285, 8.58842042990693, 4.125567451738944, -1.6487422750373422, 0.27149293754404047, 2.7674604396519094, 
-2.9307487441888687, -0.7979487015451298, -1.4937357533929905, 2.5734019395997048, -0.5485871632149945, 2.3395853713826598, 30.043822942181713, -1.2736624471219926, 8.804123271092891, 4.0902082671898015, -1.8445752628285623, -0.14388222260523054, 2.5409375353144177, 
-2.697823206609219, -0.9181429133574848, -1.3161795520175408, 2.4691952679568763, -0.3698881197539352, 2.162283552334442, 29.97897650322439, -1.2078785819680458, 9.081681021805185, 4.019538227033521, -2.0110363462843113, -0.6305271392477848, 2.145234305222144, 
-2.357767112368347, -0.907074266716358, -1.0708564771121294, 2.506423681701048, -0.17598845568281343, 2.2344214413332795, 29.912916441246, -1.086056320347259, 9.234164761024388, 3.835484083378025, -1.995359511997183, -0.9205728680413381, 1.8850548651336114, 
-2.081293191549591, -0.8424994178475718, -0.8094684594841653, 2.518469301429393, -0.01073945961529534, 2.2048480921649025, 30.052307641514393, -1.013912282562837, 9.358966970897661, 3.5941675709300083, -1.9240535037762687, -1.212749182238518, 1.4252216252171341, 
-1.7165684095805984, -0.6960860060657543, -0.5029807046274068, 2.617831812204774, 0.15643801055054918, 2.3268996304032923, 30.177370519864052, -0.8821774014889825, 9.44767728901175, 3.2837872904705323, -1.7237794649070304, -1.3908693134301486, 1.0827511967934118, 
-1.4498913492135213, -0.46997734404497243, -0.18849250697522024, 2.779771306940552, 0.2878464437710536, 2.4384523547282497, 30.59541688048359, -0.7943104905906984, 9.420559559868957, 2.901806760723807, -1.4415372937908202, -1.4951663175365435, 0.5663332860473081, 
-1.1265309564634363, -0.21949728623854065, 0.13966737108276772, 2.946916765132217, 0.4281305669090551, 2.6361649136702896, 30.966588878039342, -0.6669171189006321, 9.448910249228494, 2.52059281797443, -1.1209643752183125, -1.5579229175072857, 0.1704872159160686, 
-0.9010091478205544, 0.10356237594051584, 0.4496679797329513, 3.1905320360528977, 0.5255648885580547, 2.8859585836972887, 31.598448548895377, -0.6057345210054973, 9.345252168883666, 2.0828216164148574, -0.7209181988894877, -1.4995908019432909, -0.3280015526505386, 
-0.6353688813513846, 0.39131412847695934, 0.72701504780538, 3.370006942274981, 0.6413620165693017, 3.150036817594405, 32.135389696091714, -0.5303759743445515, 9.368542731824135, 1.6985815321592628, -0.35184366748072143, -1.4593462740174654, -0.7109718932596629, 
-0.465899109641403, 0.7093583579062024, 0.9482911300678345, 3.632492572875113, 0.6853676749452924, 3.4617517715446313, 32.89679934443923, -0.5509332280569256, 9.237737421907443, 1.2679788363837734, 0.07523383265127179, -1.2588600125569904, -1.1206446716846046, 
-0.2511683705435292, 0.9454226753773081, 1.1014577178263047, 3.7457687449224424, 0.7769404870071933, 3.72752090413622, 33.428786746390145, -0.5556592273777914, 9.329175731476147, 0.9389003374195115, 0.3921539474565504, -1.1515428240124563, -1.399768770246635, 
-0.12091679167527315, 1.1979728844277018, 1.1548820957763206, 3.9725123101748094, 0.7508641746069409, 4.077776453495267, 34.17857741055083, -0.7013160688899029, 9.22351084265643, 0.5400440006927179, 0.7881004873052561, -0.7892639488605877, -1.6185302880140273, 
0.0888516863149737, 1.351850583797994, 1.1403682374732225, 4.011295302646012, 0.8095006547680238, 4.345615824980256, 34.63509946645178, -0.8011799154625353, 9.431218816743533, 0.24499684216970638, 1.0511395057589017, -0.6013147825116051, -1.7414273684659123, 
0.2283127048207572, 1.4881181829889631, 1.0174956446364105, 4.193801671529319, 0.7173984338407651, 4.698266178013464, 35.26791743499908, -1.0641369356708177, 9.367274057835775, -0.12018643683953213, 1.399069345573284, -0.10443368139859155, -1.7317351774935588, 
0.4283515392381119, 1.5600043981663871, 0.8395619810340046, 4.196863873303968, 0.7182537010757682, 4.977459801584748, 35.63815605808871, -1.2654858705559358, 9.610854641634198, -0.3896356473494624, 1.636492431971976, 0.21619616317008478, -1.6757063739924496, 
0.5891961616660879, 1.5646193868432745, 0.5992653533575759, 4.272871855084323, 0.5947399779437004, 5.266899861848747, 36.087335820761, -1.566440715264355, 9.690066818155133, -0.6717016304136724, 1.9009903563628856, 0.725065175392872, -1.4796375035639417, 
0.7955915512975659, 1.5460543256027541, 0.3660148522778201, 4.213077744781487, 0.574403384460139, 5.451276381862871, 36.328616243272954, -1.7451000110251629, 10.021805275171129, -0.8812303063684759, 2.0858738213650234, 1.0173903878694208, -1.3281900425897746, 
0.9396534644161834, 1.4192582470495199, 0.11200836755964536, 4.159754025318809, 0.4470121623360309, 5.561249008724805, 36.57985502876262, -1.9633191904127927, 10.235920126802478, -1.028122765110674, 2.229295406774067, 1.40803910549056, -1.0423286344472997, 
1.1050383579454268, 1.287309823122533, -0.09277043789217028, 4.035264701034854, 0.40621302861474506, 5.549584385642898, 36.68913864697438, -2.032855445327275, 10.606021726303076, -1.1254769911291451, 2.3158226440738097, 1.5839962825801204, -0.8545028938814548, 
1.162410450889264, 1.0534940193920106, -0.29097796241064705, 3.8387210019652565, 0.29512584289922483, 5.421829271339102, 36.681180871909135, -2.0926704829067804, 10.890882264240348, -1.0873416475160118, 2.2915716138228497, 1.7899746551825209, -0.5489110401223342, 
1.2197457545069796, 0.8625715798684914, -0.41553430254224266, 3.6195362779511813, 0.257818656698723, 5.220871063800648, 36.59037014363223, -2.0290614332337316, 11.242789562363887, -1.0382938335510021, 2.251741519603912, 1.8164667970585795, -0.3814651139135015, 
1.1933862348688271, 0.5070885617885748, -0.5253455500089745, 3.3297919489587957, 0.15877062153302418, 4.8371629735214245, 36.31433883529109, -1.9345449898961147, 11.50012487901117, -0.8282848384308082, 2.059808570805106, 1.8096868347597248, -0.09428296718720502, 
1.1058229291713217, 0.27085533943620566, -0.5701265563502164, 3.029658095520457, 0.13173026646123026, 4.486065564938494, 35.992084663805166, -1.7760859053501887, 11.747584157567772, -0.6302830904397075, 1.8710108311716773, 1.7076535657872074, 0.036623121373372966, 
0.9755431569917918, -0.1496804504877491, -0.6173652472402785, 2.6775211708202917, 0.057835256784659055, 3.951352369710123, 35.434714141766385, -1.5875365479679948, 11.898743648438662, -0.25903684292398316, 1.5237245878470105, 1.561081987090794, 0.31661192845521624, 
0.7556185629870199, -0.43010761240566553, -0.6302417993369526, 2.3465140349263702, 0.040493357889761036, 3.525108373931485, 34.86303962776649, -1.3976574666792907, 11.966910489837119, 0.0823174036073937, 1.191821337751333, 1.4013003391200733, 0.45778855436229515, 
0.5611672704950617, -0.8473420840774224, -0.6716598528552096, 2.0107702568910293, 0.01859318799617506, 2.995285110389141, 34.073591629985536, -1.1715487441607506, 11.970222201352511, 0.5522326612749914, 0.7534467534353905, 1.221583075116387, 0.7512087910940632, 
0.2581494745953489, -1.1030456934849684, -0.7084248924548171, 1.740261418824422, 0.04660855030867307, 2.6508609713434206, 33.40545337761719, -0.9802205943871725, 11.884039052770802, 0.9432698643065581, 0.34778219085444423, 1.091186167012643, 0.8915306279389835, 
0.08337492891900207, -1.4340064265544514, -0.8004412508011418, 1.5593252253419811, 0.11205905866098441, 2.3179981045138964, 32.641947876865004, -0.7488500477419998, 11.796913851984598, 1.37186987038269, -0.07737834342146939, 0.9669833146002896, 1.1666441769655274, 
-0.20763425522678178, -1.6213716443561956, -0.9176962729152073, 1.475534148014797, 0.2096322425550336, 2.189549798945169, 32.05905242958375, -0.5702652080154205, 11.609912905648992, 1.7167118369559382, -0.4700164372889496, 0.9319432789219885, 1.31482692709707, 
-0.2639130668979994, -1.7848120715016336, -1.0996537708098146, 1.5821092087079667, 0.3844864620429422, 2.211257703179178, 31.58153778495911, -0.35017438551956714, 11.514588114918435, 1.9842114813097704, -0.7556777531455345, 0.9205215051538771, 1.5431697368816633, 
-0.5126119642033664, -1.834404704127118, -1.2881808656820404, 1.7358701235784917, 0.540602931204177, 2.3831194710488033, 31.2698540636836, -0.20996490320389846, 11.291867372307886, 2.204671937465232, -1.065150403492931, 0.9973946614252316, 1.6526901202891895, 
-0.43005983257605956, -1.7931720249588556, -1.5080255809755188, 2.1074892115526547, 0.7835117362734151, 2.753348792849643, 31.178251772694395, -0.034559031272504044, 11.245212718497385, 2.279965589509951, -1.1708261689655761, 1.0728654036706948, 1.8075923769207718, 
-0.6172940165994794, -1.7021874763347415, -1.6952351635712883, 2.4010066212502137, 0.9418428073515939, 3.145778723819307, 31.14539874095915, 0.026227802544724975, 11.047192292025944, 2.3844160839862587, -1.3804487421674845, 1.2110929058261628, 1.8789772854392548, 
-0.5154711346129556, -1.4811643428679173, -1.8556187370550712, 2.8261594441249125, 1.1709938645369957, 3.724804305054074, 31.368246667024607, 0.09258027089782053, 11.069589697556475, 2.34783360450672, -1.3902904096339554, 1.3128330582602934, 1.9388038464455593, 
-0.7820316071146525, -1.314121052547397, -1.9709580108462998, 3.047638406680471, 1.2577489799829746, 4.186403858907404, 31.545019399417004, 0.030788616974933052, 10.909253503432309, 2.4282396931819825, -1.6176327890148825, 1.4716251144334094, 1.9760388566061617, 
-0.7196050341955604, -0.9909138687411917, -2.005250976273989, 3.341510547453282, 1.4301544564735555, 4.806800481420826, 31.986383583535137, -0.01853837141241427, 11.028275172530547, 2.355428155906373, -1.6178730504676198, 1.5445742909546905, 1.9641474748412922, 
-1.040261273551776, -0.7811676720436526, -2.0054568783956688, 3.3974226436823205, 1.4535052581043837, 5.256703327316042, 32.33091282134271, -0.17991700722805012, 10.971853966499898, 2.42819616591211, -1.8823330212896272, 1.6708419841953597, 1.9603006600344404, 
-1.1069149871779944, -0.43064904976014723, -1.90403329266152, 3.4313668069568757, 1.5700702049774578, 5.783987082868456, 32.86203105326928, -0.3200620195350932, 11.172159409129469, 2.381200299031812, -1.9728526370497301, 1.6853749683650345, 1.858378356591306, 
-1.5150561355870393, -0.2549125625308137, -1.807361691392302, 3.2845585166225515, 1.5457048531532664, 6.122558676565549, 33.26142473430968, -0.5317326048831672, 11.188707064154517, 2.4585537461003586, -2.3320711378834074, 1.762956117210237, 1.796627162421261, 
-1.683359640938042, 0.05888483601953302, -1.6239929577892689, 3.0921987448504593, 1.6525595357976517, 6.502452035464353, 33.812736547172236, -0.6915094550387703, 11.478222000617496, 2.428318150021674, -2.53529382565552, 1.698645013674775, 1.5939729967967025, 
-2.076832380936415, 0.20964928262262505, -1.4751132504216795, 2.821202424616168, 1.6599859166978728, 6.724616172823902, 34.26051096756387, -0.8731804682750355, 11.629207214445659, 2.4743241250836716, -2.9243450032352536, 1.6788045158448461, 1.423195439285739, 
-2.2932432437816193, 0.4434362398670977, -1.2961557878538954, 2.517539683655549, 1.7821622023567085, 6.905454672068155, 34.78529267322685, -0.9596733158456437, 12.003455582572213, 2.456514545876722, -3.1773733907772175, 1.5305884834080445, 1.1221320217095805, 
-2.643848833455282, 0.4901650502983614, -1.1754942195853852, 2.2681509856040774, 1.7901768353728666, 6.920106559745603, 35.18608408311943, -1.0258308834046452, 12.20214210405501, 2.464113477970283, -3.5440737430994513, 1.4340167927311906, 0.8767923487715109, 
-2.832127710733135, 0.6057639658988925, -1.0610634830534245, 1.9857166017615075, 1.914576993008851, 6.843123393109365, 35.62092488688721, -0.9673483294607431, 12.617848304633126, 2.4676437675543905, -3.7509697342368034, 1.2014953442232734, 0.5198925502311859, 
-3.048558110322041, 0.5767883113298736, -0.9774862644892206, 1.83586276722492, 1.932074016230814, 6.639813788074657, 35.951534275979256, -0.8657987801842321, 12.88160595002712, 2.4523018721965593, -3.9755194515095824, 0.9973086019755327, 0.21134965708694342, 
-3.1940289268864372, 0.5632919068789352, -0.921488668342282, 1.634104678893012, 2.0268182209832895, 6.299079434389036, 36.27524302059036, -0.6381931243922676, 13.289402378538464, 2.504342336241103, -4.095347999039387, 0.6898545108155854, -0.14689003321166164, 
-3.2917923275718968, 0.45549543776935486, -0.8418618903004043, 1.58138580488888, 2.0080797852353185, 5.910251021773257, 36.537806107693605, -0.40653429216267717, 13.568110914162617, 2.490944824208112, -4.181235970338078, 0.4120532324482958, -0.446773996981636, 
-3.4478383108109596, 0.33893424252678256, -0.802702431952262, 1.4312566374131843, 2.0198032581540484, 5.417200418588901, 36.78367030406245, -0.09346989251591452, 13.905389860145904, 2.625539224099378, -4.234616442929884, 0.1062974273972732, -0.7085035093985165, 
-3.494043669350782, 0.19319388074182384, -0.7011410510446908, 1.4134754729227916, 1.9340358706192908, 4.977877300866018, 37.039310130374965, 0.1630521651726044, 14.170692371102346, 2.6486980654136074, -4.214890151578707, -0.1640037778953081, -0.9250146946313239, 
-3.6713077879444436, 0.04828084686855293, -0.6184382603383258, 1.3305155225070626, 1.8089879180921302, 4.511694235354554, 37.24707329358601, 0.44350877510483305, 14.357041065437798, 2.843301879316424, -4.174010733271056, -0.38362778977090806, -1.0261302832733208, 
-3.671100445748237, -0.04290460897862447, -0.45050616668674026, 1.3531972402740173, 1.6160013558462476, 4.221289421427677, 37.489328993123685, 0.5908442082087852, 14.516441172725761, 2.864057091768249, -4.020396947936915, -0.5405810058297285, -1.0976500888299938, 
-3.8802351182249373, -0.12312134504229719, -0.3081216232727253, 1.3364418391623536, 1.3311753450004669, 3.9530406085995, 37.61376811219537, 0.7418922905161432, 14.464699842053667, 3.085786696079495, -3.8525328222803035, -0.5618943461184751, -0.9695986825910764, 
