iteration,time_ps,negative_q_branch_count,negative_qpoint_count,branch_1_count,branch_2_count,branch_3_count,path_integral_negative_indicator,path_integrated_negative_fraction,path_integral_absolute_imaginary_frequency_THz
1,0.0010000000,40,40,40,0,0,1.1800454551,0.0378979308,7.9343948818
2,0.0020000001,126,115,115,11,0,4.0022430350,0.1285346501,22.4098711051
3,0.0030000000,97,97,97,0,0,2.9676938943,0.0953094285,18.0208750520
4,0.0040000002,195,151,151,44,0,6.4886770240,0.2083881023,32.3223962364
5,0.0049999999,172,137,137,35,0,5.6709160762,0.1821251751,23.3551410935
6,0.0060000001,179,141,141,38,0,5.9172054054,0.1900349178,26.2913691825
7,0.0070000002,148,123,123,25,0,4.8103935338,0.1544889314,19.2999682255
8,0.0080000004,165,132,132,33,0,5.4246267469,0.1742154324,22.4529507463
9,0.0089999996,134,114,114,20,0,4.3111846461,0.1384565118,16.8782840655
10,0.0099999998,151,123,123,28,0,4.9254178593,0.1581830128,18.6144653125
11,0.0109999999,121,106,106,15,0,3.8481071240,0.1235844746,14.5857314880
12,0.0120000001,138,114,114,24,0,4.4689705663,0.1435239097,15.9037244599
13,0.0130000003,85,85,85,0,0,2.5606384250,0.0822365761,11.8901167346
14,0.0140000004,120,103,103,17,0,3.8252362167,0.1228499605,12.2645107176
15,0.0149999997,75,75,75,0,0,2.2125852284,0.0710586203,9.7308204716
16,0.0160000008,75,75,75,0,0,2.2125852284,0.0710586203,9.3968363492
17,0.0170000009,73,73,73,0,0,2.1535829556,0.0691637238,7.9711768652
18,0.0179999992,73,73,73,0,0,2.1535829556,0.0691637238,7.8473378942
19,0.0189999994,71,71,71,0,0,2.0945806829,0.0672688272,6.4232485783
20,0.0199999996,70,70,70,0,0,2.0650795465,0.0663213789,6.1096082085
21,0.0209999997,68,68,68,0,0,2.0060772737,0.0644264824,4.6256861567
22,0.0219999999,68,68,68,0,0,2.0060772737,0.0644264824,4.8657452968
23,0.0230000000,65,65,65,0,0,1.9175738646,0.0615841376,2.9975977113
24,0.0240000002,65,65,65,0,0,1.9175738646,0.0615841376,2.9563442616
25,0.0250000004,0,0,0,0,0,0.0000000000,0.0000000000,0.0000000000
26,0.0260000005,62,62,62,0,0,1.8290704554,0.0587417928,1.1534347766
27,0.0270000007,0,0,0,0,0,0.0000000000,0.0000000000,0.0000000000
28,0.0280000009,0,0,0,0,0,0.0000000000,0.0000000000,0.0000000000
29,0.0289999992,0,0,0,0,0,0.0000000000,0.0000000000,0.0000000000
30,0.0299999993,0,0,0,0,0,0.0000000000,0.0000000000,0.0000000000
31,0.0309999995,0,0,0,0,0,0.0000000000,0.0000000000,0.0000000000
32,0.0320000015,0,0,0,0,0,0.0000000000,0.0000000000,0.0000000000
33,0.0329999998,0,0,0,0,0,0.0000000000,0.0000000000,0.0000000000
34,0.0340000018,0,0,0,0,0,0.0000000000,0.0000000000,0.0000000000
35,0.0350000001,0,0,0,0,0,0.0000000000,0.0000000000,0.0000000000
36,0.0359999985,0,0,0,0,0,0.0000000000,0.0000000000,0.0000000000
37,0.0370000005,0,0,0,0,0,0.0000000000,0.0000000000,0.0000000000
38,0.0379999988,0,0,0,0,0,0.0000000000,0.0000000000,0.0000000000
39,0.0390000008,0,0,0,0,0,0.0000000000,0.0000000000,0.0000000000
40,0.0399999991,0,0,0,0,0,0.0000000000,0.0000000000,0.0000000000
41,0.0410000011,0,0,0,0,0,0.0000000000,0.0000000000,0.0000000000
42,0.0419999994,0,0,0,0,0,0.0000000000,0.0000000000,0.0000000000
43,0.0430000015,0,0,0,0,0,0.0000000000,0.0000000000,0.0000000000
44,0.0439999998,0,0,0,0,0,0.0000000000,0.0000000000,0.0000000000
45,0.0450000018,0,0,0,0,0,0.0000000000,0.0000000000,0.0000000000
46,0.0460000001,0,0,0,0,0,0.0000000000,0.0000000000,0.0000000000
47,0.0469999984,0,0,0,0,0,0.0000000000,0.0000000000,0.0000000000
48,0.0480000004,0,0,0,0,0,0.0000000000,0.0000000000,0.0000000000
49,0.0489999987,0,0,0,0,0,0.0000000000,0.0000000000,0.0000000000
50,0.0500000007,0,0,0,0,0,0.0000000000,0.0000000000,0.0000000000
51,0.0509999990,0,0,0,0,0,0.0000000000,0.0000000000,0.0000000000
52,0.0520000011,0,0,0,0,0,0.0000000000,0.0000000000,0.0000000000
53,0.0529999994,0,0,0,0,0,0.0000000000,0.0000000000,0.0000000000
54,0.0540000014,0,0,0,0,0,0.0000000000,0.0000000000,0.0000000000
55,0.0549999997,0,0,0,0,0,0.0000000000,0.0000000000,0.0000000000
56,0.0560000017,0,0,0,0,0,0.0000000000,0.0000000000,0.0000000000
57,0.0570000000,0,0,0,0,0,0.0000000000,0.0000000000,0.0000000000
58,0.0579999983,0,0,0,0,0,0.0000000000,0.0000000000,0.0000000000
59,0.0590000004,0,0,0,0,0,0.0000000000,0.0000000000,0.0000000000
60,0.0599999987,0,0,0,0,0,0.0000000000,0.0000000000,0.0000000000
61,0.0610000007,0,0,0,0,0,0.0000000000,0.0000000000,0.0000000000
62,0.0619999990,0,0,0,0,0,0.0000000000,0.0000000000,0.0000000000
63,0.0630000010,0,0,0,0,0,0.0000000000,0.0000000000,0.0000000000
64,0.0640000030,0,0,0,0,0,0.0000000000,0.0000000000,0.0000000000
65,0.0649999976,1,1,1,0,0,0.0361313655,0.0011603824,0.0143093474
66,0.0659999996,8,8,8,0,0,0.2360090910,0.0075795862,0.1382654529
67,0.0670000017,14,14,14,0,0,0.4329065966,0.0139030782,0.4240398119
68,0.0680000037,18,18,18,0,0,0.5509111421,0.0176928713,0.5701608246
69,0.0689999983,21,21,21,0,0,0.6460447803,0.0207481502,0.7946344474
70,0.0700000003,22,22,22,0,0,0.6755459167,0.0216955985,0.8628191856
71,0.0710000023,23,23,23,0,0,0.7050470531,0.0226430468,0.9848890117
72,0.0719999969,22,22,22,0,0,0.6622854585,0.0212697302,0.9847573042
73,0.0729999989,24,24,24,0,0,0.7279179604,0.0233775609,1.0328085798
74,0.0740000010,21,21,21,0,0,0.6195238639,0.0198964137,1.0285230867
75,0.0750000030,21,21,21,0,0,0.6195238639,0.0198964137,0.9898682724
76,0.0759999976,21,21,21,0,0,0.6195238639,0.0198964137,0.9759952362
77,0.0769999996,20,20,20,0,0,0.5900227276,0.0189489654,0.8580410128
78,0.0780000016,20,20,20,0,0,0.5900227276,0.0189489654,0.8166509333
79,0.0790000036,18,18,18,0,0,0.5310204548,0.0170540689,0.6538180152
80,0.0799999982,16,16,16,0,0,0.4720181821,0.0151591723,0.5606642079
81,0.0810000002,14,14,14,0,0,0.4130159093,0.0132642758,0.3561373945
82,0.0820000023,12,12,12,0,0,0.3540136365,0.0113693792,0.2682633800
83,0.0829999968,8,8,8,0,0,0.2360090910,0.0075795862,0.1085772072
84,0.0839999989,6,6,6,0,0,0.1770068183,0.0056846896,0.0605460835
85,0.0850000009,0,0,0,0,0,0.0000000000,0.0000000000,0.0000000000
86,0.0860000029,0,0,0,0,0,0.0000000000,0.0000000000,0.0000000000
87,0.0869999975,0,0,0,0,0,0.0000000000,0.0000000000,0.0000000000
88,0.0879999995,0,0,0,0,0,0.0000000000,0.0000000000,0.0000000000
89,0.0890000015,0,0,0,0,0,0.0000000000,0.0000000000,0.0000000000
90,0.0900000036,5,5,5,0,0,0.1475056819,0.0047372414,0.0487003973
91,0.0909999982,4,4,4,0,0,0.1180045455,0.0037897931,0.0312983292
92,0.0920000002,8,8,8,0,0,0.2360090910,0.0075795862,0.1238848258
93,0.0930000022,7,7,7,0,0,0.2065079546,0.0066321379,0.1002187463
94,0.0939999968,11,11,11,0,0,0.3245125002,0.0104219310,0.2249575814
95,0.0949999988,9,9,9,0,0,0.2655102274,0.0085270344,0.1822259014
96,0.0960000008,12,12,12,0,0,0.3540136365,0.0113693792,0.2671579306
97,0.0970000029,11,11,11,0,0,0.3245125002,0.0104219310,0.2190421665
98,0.0979999974,12,12,12,0,0,0.3540136365,0.0113693792,0.3069109744
99,0.0989999995,12,12,12,0,0,0.3540136365,0.0113693792,0.2701101827
100,0.1000000015,13,13,13,0,0,0.3835147729,0.0123168275,0.3180771749
101,0.1010000035,10,10,10,0,0,0.2950113638,0.0094744827,0.1966817449
102,0.1019999981,11,11,11,0,0,0.3245125002,0.0104219310,0.2062694577
103,0.1030000001,5,5,5,0,0,0.1475056819,0.0047372414,0.0445492286
104,0.1040000021,3,3,3,0,0,0.0885034091,0.0028423448,0.0156862873
105,0.1049999967,0,0,0,0,0,0.0000000000,0.0000000000,0.0000000000
106,0.1059999987,0,0,0,0,0,0.0000000000,0.0000000000,0.0000000000
107,0.1070000008,0,0,0,0,0,0.0000000000,0.0000000000,0.0000000000
108,0.1080000028,0,0,0,0,0,0.0000000000,0.0000000000,0.0000000000
109,0.1089999974,0,0,0,0,0,0.0000000000,0.0000000000,0.0000000000
110,0.1099999994,0,0,0,0,0,0.0000000000,0.0000000000,0.0000000000
111,0.1110000014,0,0,0,0,0,0.0000000000,0.0000000000,0.0000000000
112,0.1120000035,0,0,0,0,0,0.0000000000,0.0000000000,0.0000000000
113,0.1129999980,0,0,0,0,0,0.0000000000,0.0000000000,0.0000000000
114,0.1140000001,0,0,0,0,0,0.0000000000,0.0000000000,0.0000000000
115,0.1150000021,0,0,0,0,0,0.0000000000,0.0000000000,0.0000000000
116,0.1159999967,0,0,0,0,0,0.0000000000,0.0000000000,0.0000000000
117,0.1169999987,0,0,0,0,0,0.0000000000,0.0000000000,0.0000000000
118,0.1180000007,0,0,0,0,0,0.0000000000,0.0000000000,0.0000000000
119,0.1190000027,0,0,0,0,0,0.0000000000,0.0000000000,0.0000000000
120,0.1199999973,0,0,0,0,0,0.0000000000,0.0000000000,0.0000000000
121,0.1209999993,0,0,0,0,0,0.0000000000,0.0000000000,0.0000000000
122,0.1220000014,0,0,0,0,0,0.0000000000,0.0000000000,0.0000000000
123,0.1230000034,0,0,0,0,0,0.0000000000,0.0000000000,0.0000000000
124,0.1239999980,0,0,0,0,0,0.0000000000,0.0000000000,0.0000000000
125,0.1250000000,0,0,0,0,0,0.0000000000,0.0000000000,0.0000000000
126,0.1260000020,0,0,0,0,0,0.0000000000,0.0000000000,0.0000000000
127,0.1270000041,0,0,0,0,0,0.0000000000,0.0000000000,0.0000000000
128,0.1280000061,0,0,0,0,0,0.0000000000,0.0000000000,0.0000000000
129,0.1289999932,4,4,4,0,0,0.1445254619,0.0046415296,0.1120684578
130,0.1299999952,9,9,9,0,0,0.3251822893,0.0104434417,0.4074575340
131,0.1309999973,11,11,11,0,0,0.3974450203,0.0127642065,0.5591653661
132,0.1319999993,11,11,11,0,0,0.3974450203,0.0127642065,0.6135006248
133,0.1330000013,10,10,10,0,0,0.3613136548,0.0116038241,0.5553686682
134,0.1340000033,8,8,8,0,0,0.2890509238,0.0092830593,0.3716645939
135,0.1350000054,6,6,6,0,0,0.2167881929,0.0069622945,0.1919151195
136,0.1360000074,0,0,0,0,0,0.0000000000,0.0000000000,0.0000000000
137,0.1369999945,0,0,0,0,0,0.0000000000,0.0000000000,0.0000000000
138,0.1379999965,0,0,0,0,0,0.0000000000,0.0000000000,0.0000000000
139,0.1389999986,0,0,0,0,0,0.0000000000,0.0000000000,0.0000000000
140,0.1400000006,0,0,0,0,0,0.0000000000,0.0000000000,0.0000000000
141,0.1410000026,0,0,0,0,0,0.0000000000,0.0000000000,0.0000000000
142,0.1420000046,0,0,0,0,0,0.0000000000,0.0000000000,0.0000000000
143,0.1430000067,0,0,0,0,0,0.0000000000,0.0000000000,0.0000000000
144,0.1439999938,0,0,0,0,0,0.0000000000,0.0000000000,0.0000000000
145,0.1449999958,3,3,3,0,0,0.1083940964,0.0034811472,0.0328690060
146,0.1459999979,6,6,6,0,0,0.2167881929,0.0069622945,0.2243853364
147,0.1469999999,9,9,9,0,0,0.3251822893,0.0104434417,0.4293360093
148,0.1480000019,10,10,10,0,0,0.3613136548,0.0116038241,0.5518465444
149,0.1490000039,12,12,12,0,0,0.4335763858,0.0139245889,0.7108659898
150,0.1500000060,12,12,12,0,0,0.4335763858,0.0139245889,0.7560754038
151,0.1509999931,13,13,13,0,0,0.4697077512,0.0150849713,0.8283822851
152,0.1519999951,13,13,13,0,0,0.4697077512,0.0150849713,0.7815860633
153,0.1529999971,14,14,14,0,0,0.5058391167,0.0162453537,0.8201050984
154,0.1539999992,12,12,12,0,0,0.4335763858,0.0139245889,0.6501163841
155,0.1550000012,11,11,11,0,0,0.3974450203,0.0127642065,0.5669626979
156,0.1560000032,8,8,8,0,0,0.2890509238,0.0092830593,0.2819661971
157,0.1570000052,5,5,5,0,0,0.1806568274,0.0058019121,0.1038381390
158,0.1580000073,0,0,0,0,0,0.0000000000,0.0000000000,0.0000000000
159,0.1589999944,0,0,0,0,0,0.0000000000,0.0000000000,0.0000000000
160,0.1599999964,19,19,19,0,0,0.5605215912,0.0180015171,0.1058109965
161,0.1609999985,21,21,21,0,0,0.6195238639,0.0198964137,0.1381956962
162,0.1620000005,31,31,31,0,0,0.9145352277,0.0293708964,0.4075922828
163,0.1630000025,32,32,32,0,0,0.9440363641,0.0303183447,0.4386836717
164,0.1640000045,40,40,40,0,0,1.1800454551,0.0378979308,0.7586607784
165,0.1650000066,43,43,43,0,0,1.2685488643,0.0407402756,0.8620081239
166,0.1659999937,52,52,52,0,0,1.5340590917,0.0492673101,1.2326094614
167,0.1669999957,61,61,61,0,0,1.7995693191,0.0577943445,1.4185001041
168,0.1679999977,64,64,64,0,0,1.8880727282,0.0606366893,1.8362717777
169,0.1689999998,64,64,64,0,0,1.8880727282,0.0606366893,1.9784662660
170,0.1700000018,65,65,65,0,0,1.9175738646,0.0615841376,2.2129046678
171,0.1710000038,65,65,65,0,0,1.9175738646,0.0615841376,2.2438597771
172,0.1720000058,66,66,66,0,0,1.9470750010,0.0625315859,2.4156566180
173,0.1729999930,66,66,66,0,0,1.9470750010,0.0625315859,2.4179889228
174,0.1739999950,66,66,66,0,0,1.9470750010,0.0625315859,2.5415664288
175,0.1749999970,66,66,66,0,0,1.9470750010,0.0625315859,2.5360320881
176,0.1759999990,66,66,66,0,0,1.9470750010,0.0625315859,2.6262418116
177,0.1770000011,66,66,66,0,0,1.9470750010,0.0625315859,2.5788717185
178,0.1780000031,66,66,66,0,0,1.9470750010,0.0625315859,2.6510055255
179,0.1790000051,65,65,65,0,0,1.9175738646,0.0615841376,2.6145701553
180,0.1800000072,65,65,65,0,0,1.9175738646,0.0615841376,2.6392203842
181,0.1809999943,65,65,65,0,0,1.9175738646,0.0615841376,2.5750237141
182,0.1819999963,65,65,65,0,0,1.9175738646,0.0615841376,2.5688833116
183,0.1829999983,65,65,65,0,0,1.9175738646,0.0615841376,2.4930886212
184,0.1840000004,71,68,68,3,0,2.1343620575,0.0685464320,2.4759231283
185,0.1850000024,73,69,69,4,0,2.2066247884,0.0708671969,2.3988212576
186,0.1860000044,76,70,70,6,0,2.3216491140,0.0745612782,2.3776068558
187,0.1870000064,78,71,71,7,0,2.3939118449,0.0768820431,2.2997161403
188,0.1879999936,80,72,72,8,0,2.4661745759,0.0792028079,2.2887319207
189,0.1889999956,80,72,72,8,0,2.4661745759,0.0792028079,2.2034525123
190,0.1899999976,82,73,73,9,0,2.5384373068,0.0815235727,2.1776068552
191,0.1909999996,82,73,73,9,0,2.5384373068,0.0815235727,2.0807182324
192,0.1920000017,84,74,74,10,0,2.6107000378,0.0838443375,2.0484813728
193,0.1930000037,83,73,73,10,0,2.5811989014,0.0828968893,1.9373241918
194,0.1940000057,83,73,73,10,0,2.5811989014,0.0828968893,1.8758974662
195,0.1949999928,81,72,72,9,0,2.5089361705,0.0805761244,1.7560646209
196,0.1959999949,81,72,72,9,0,2.5089361705,0.0805761244,1.6607750554
197,0.1969999969,79,71,71,8,0,2.4366734395,0.0782553596,1.5199975194
198,0.1979999989,73,68,68,5,0,2.2198852466,0.0712930651,1.3943554863
199,0.1990000010,62,62,62,0,0,1.8290704554,0.0587417928,1.2410485735
200,0.2000000030,62,62,62,0,0,1.8290704554,0.0587417928,1.1360674440
201,0.2010000050,56,56,56,0,0,1.6520636372,0.0530571032,0.9096406206
202,0.2020000070,48,48,48,0,0,1.4160545462,0.0454775170,0.7463241516
203,0.2029999942,42,42,42,0,0,1.2390477279,0.0397928274,0.6110534284
204,0.2039999962,39,39,39,0,0,1.1505443188,0.0369504826,0.5537221225
205,0.2049999982,36,36,36,0,0,1.0620409096,0.0341081377,0.5019476448
206,0.2060000002,46,46,46,0,0,1.3570522734,0.0435826204,0.7437668859
207,0.2070000023,47,47,47,0,0,1.3865534098,0.0445300687,0.8198260095
208,0.2080000043,51,51,51,0,0,1.5045579553,0.0483198618,1.0936300092
209,0.2090000063,51,51,51,0,0,1.5045579553,0.0483198618,1.1174880678
210,0.2099999934,53,53,53,0,0,1.5635602280,0.0502147583,1.2693185802
211,0.2109999955,52,52,52,0,0,1.5406893208,0.0494802442,1.2446634567
212,0.2119999975,60,60,60,0,0,1.8098495573,0.0581245011,1.5113230652
213,0.2129999995,60,60,60,0,0,1.8098495573,0.0581245011,1.5309231156
214,0.2140000015,62,62,62,0,0,1.8754820592,0.0602323318,1.6895001827
215,0.2150000036,62,62,62,0,0,1.8754820592,0.0602323318,1.6905171171
216,0.2160000056,66,66,66,0,0,1.9934866047,0.0640221248,1.7723913003
217,0.2169999927,68,68,68,0,0,2.0524888774,0.0659170214,1.7756862793
218,0.2179999948,77,77,77,0,0,2.3246293339,0.0746569900,1.8640005353
219,0.2189999968,88,76,76,12,0,2.6491418341,0.0850789209,1.9628001160
220,0.2199999988,88,75,75,13,0,2.6491418341,0.0850789209,2.1080986724
221,0.2210000008,86,74,74,12,0,2.5901395613,0.0831840244,2.0629698045
222,0.2220000029,81,74,74,7,0,2.4426338794,0.0784467830,1.9204428015
223,0.2230000049,74,74,74,0,0,2.2361259248,0.0718146451,1.8456718271
224,0.2240000069,75,75,75,0,0,2.2656270612,0.0727620934,1.9284334335
225,0.2249999940,71,71,71,0,0,2.1476225157,0.0689723003,1.8716726799
226,0.2259999961,58,58,58,0,0,1.7574775136,0.0564425387,1.8252553924
227,0.2269999981,51,51,51,0,0,1.5509695590,0.0498104008,1.7336573612
228,0.2280000001,49,49,49,0,0,1.4919672862,0.0479155042,1.6622438108
229,0.2290000021,46,46,46,0,0,1.4034638771,0.0450731594,1.5626787840
230,0.2300000042,43,43,43,0,0,1.3017000098,0.0418049463,1.4049421018
231,0.2310000062,39,39,39,0,0,1.1836954643,0.0380151533,1.2473588240
232,0.2319999933,35,35,35,0,0,1.0391700023,0.0333736236,0.9888518848
233,0.2329999954,33,33,33,0,0,0.9934281878,0.0319045953,0.7458452925
234,0.2339999974,27,27,27,0,0,0.7965306822,0.0255811033,0.4485741283
235,0.2349999994,0,0,0,0,0,0.0000000000,0.0000000000,0.0000000000
236,0.2360000014,26,26,26,0,0,0.7670295458,0.0246336550,0.1436837711
237,0.2370000035,28,28,28,0,0,0.8260318186,0.0265285516,0.2458634355
238,0.2380000055,31,31,31,0,0,0.9145352277,0.0293708964,0.4204699354
239,0.2389999926,31,31,31,0,0,0.9145352277,0.0293708964,0.4876186490
240,0.2399999946,36,34,34,2,0,1.0885618260,0.0349598743,0.6030714366
241,0.2409999967,38,35,35,3,0,1.1608245570,0.0372806391,0.6419332298
242,0.2419999987,45,39,39,6,0,1.4071138862,0.0451903819,0.7655669536
243,0.2430000007,45,39,39,6,0,1.4071138862,0.0451903819,0.7854111599
244,0.2440000027,47,40,40,7,0,1.4793766172,0.0475111467,0.8764367588
245,0.2450000048,45,39,39,6,0,1.4071138862,0.0451903819,0.8549510259
246,0.2460000068,47,40,40,7,0,1.4793766172,0.0475111467,0.9111123691
247,0.2469999939,47,40,40,7,0,1.4793766172,0.0475111467,0.8720953081
248,0.2479999959,47,40,40,7,0,1.4793766172,0.0475111467,0.8910468244
249,0.2489999980,45,39,39,6,0,1.4071138862,0.0451903819,0.8262909495
250,0.2500000000,45,39,39,6,0,1.4071138862,0.0451903819,0.8204305778
251,0.2509999871,40,36,36,4,0,1.2330872879,0.0396014039,0.7355041247
252,0.2520000041,40,36,36,4,0,1.2330872879,0.0396014039,0.7096415457
253,0.2529999912,31,31,31,0,0,0.9145352277,0.0293708964,0.6318867653
254,0.2540000081,31,31,31,0,0,0.9145352277,0.0293708964,0.6061601409
255,0.2549999952,30,30,30,0,0,0.8850340913,0.0284234481,0.5284866999
256,0.2560000122,30,30,30,0,0,0.8850340913,0.0284234481,0.5039979129
257,0.2569999993,29,29,29,0,0,0.8555329550,0.0274759998,0.4371960637
258,0.2579999864,28,28,28,0,0,0.8260318186,0.0265285516,0.4154029727
259,0.2590000033,28,28,28,0,0,0.8260318186,0.0265285516,0.3745031410
260,0.2599999905,27,27,27,0,0,0.7965306822,0.0255811033,0.3570659896
261,0.2610000074,26,26,26,0,0,0.7670295458,0.0246336550,0.3086582923
262,0.2619999945,25,25,25,0,0,0.7375284095,0.0236862068,0.2949222729
263,0.2630000114,24,24,24,0,0,0.7080272731,0.0227387585,0.2399887778
264,0.2639999986,31,27,27,4,0,0.9675770605,0.0310743695,0.2455453228
265,0.2649999857,28,25,25,3,0,0.8658131932,0.0278061564,0.1967993388
266,0.2660000026,31,26,26,5,0,0.9808375187,0.0315002378,0.2100349221
267,0.2669999897,28,24,24,4,0,0.8790736514,0.0282320247,0.1749325756
268,0.2680000067,27,23,23,4,0,0.8495725150,0.0272845764,0.1636260922
269,0.2689999938,18,18,18,0,0,0.5310204548,0.0170540689,0.1226598372
270,0.2700000107,17,17,17,0,0,0.5015193184,0.0161066206,0.1184315666
271,0.2709999979,15,15,15,0,0,0.4425170457,0.0142117241,0.0814835734
272,0.2720000148,16,16,16,0,0,0.4720181821,0.0151591723,0.0931066441
273,0.2730000019,14,14,14,0,0,0.4130159093,0.0132642758,0.0663059794
274,0.2739999890,15,15,15,0,0,0.4425170457,0.0142117241,0.0801283398
275,0.2750000060,13,13,13,0,0,0.3835147729,0.0123168275,0.0566900233
276,0.2759999931,14,14,14,0,0,0.4130159093,0.0132642758,0.0727303508
277,0.2770000100,13,13,13,0,0,0.3835147729,0.0123168275,0.0589093090
278,0.2779999971,15,15,15,0,0,0.4425170457,0.0142117241,0.0827951589
279,0.2790000141,13,13,13,0,0,0.3835147729,0.0123168275,0.0599572005
280,0.2800000012,15,15,15,0,0,0.4425170457,0.0142117241,0.0818959986
281,0.2809999883,14,14,14,0,0,0.4130159093,0.0132642758,0.0704852204
282,0.2820000052,16,16,16,0,0,0.4720181821,0.0151591723,0.1055588242
283,0.2829999924,15,15,15,0,0,0.4425170457,0.0142117241,0.0923100333
284,0.2840000093,17,17,17,0,0,0.5015193184,0.0161066206,0.1289345544
285,0.2849999964,16,16,16,0,0,0.4720181821,0.0151591723,0.1129635711
286,0.2860000134,18,18,18,0,0,0.5310204548,0.0170540689,0.1571313976
287,0.2870000005,18,18,18,0,0,0.5310204548,0.0170540689,0.1489789813
288,0.2879999876,19,19,19,0,0,0.5605215912,0.0180015171,0.2004876551
289,0.2890000045,19,19,19,0,0,0.5605215912,0.0180015171,0.1937900638
290,0.2899999917,29,25,25,4,0,0.9085747878,0.0291794730,0.2719841829
291,0.2910000086,34,28,28,6,0,1.0826013861,0.0347684509,0.3217623191
292,0.2919999957,51,34,34,17,0,1.6727811623,0.0537224600,0.4660821546
293,0.2930000126,68,38,38,30,0,2.2720586471,0.0729686480,0.6048043475
294,0.2939999998,87,44,44,43,0,2.9324197794,0.0941765772,1.1385110097
295,0.2949999869,91,47,47,44,0,3.0748638665,0.0987512622,1.3754007204
296,0.2960000038,101,53,53,48,0,3.4320147717,0.1102213968,1.8687159842
297,0.2969999909,100,53,53,47,0,3.4025136353,0.1092739486,1.8204952134
298,0.2980000079,104,56,56,48,0,3.5449577224,0.1138486335,2.1337949098
299,0.2989999950,102,56,56,46,0,3.4859554496,0.1119537370,1.9668325702
300,0.3000000119,103,57,57,46,0,3.5154565860,0.1129011852,1.9876896605
301,0.3009999990,94,54,54,40,0,3.2122463588,0.1031633907,1.6219632495
302,0.3019999862,91,53,53,38,0,3.1237429497,0.1003210459,1.4390970102
303,0.3030000031,64,46,46,18,0,2.2385518097,0.0718925540,0.8963114866
304,0.3039999902,58,42,42,16,0,2.0238449916,0.0649971043,0.6274223601
305,0.3050000072,31,25,25,6,0,1.0611724772,0.0340802475,0.2021601598
306,0.3059999943,0,0,0,0,0,0.0000000000,0.0000000000,0.0000000000
307,0.3070000112,0,0,0,0,0,0.0000000000,0.0000000000,0.0000000000
308,0.3079999983,0,0,0,0,0,0.0000000000,0.0000000000,0.0000000000
309,0.3089999855,0,0,0,0,0,0.0000000000,0.0000000000,0.0000000000
310,0.3100000024,0,0,0,0,0,0.0000000000,0.0000000000,0.0000000000
311,0.3109999895,0,0,0,0,0,0.0000000000,0.0000000000,0.0000000000
312,0.3120000064,0,0,0,0,0,0.0000000000,0.0000000000,0.0000000000
313,0.3129999936,0,0,0,0,0,0.0000000000,0.0000000000,0.0000000000
314,0.3140000105,16,16,16,0,0,0.4720181821,0.0151591723,0.0762630145
315,0.3149999976,18,18,18,0,0,0.5310204548,0.0170540689,0.1145725467
316,0.3160000145,36,30,30,6,0,1.1416036588,0.0366633474,0.3388667459
317,0.3170000017,62,44,44,18,0,2.0677587031,0.0664074218,0.7240922797
318,0.3179999888,75,52,52,23,0,2.5175757670,0.0808535907,1.3824928673
319,0.3190000057,76,53,53,23,0,2.5470769034,0.0818010390,1.6401375923
320,0.3199999928,80,56,56,24,0,2.6783419071,0.0860167004,2.1605046105
321,0.3210000098,81,57,57,24,0,2.7078430435,0.0869641486,2.3700723110
322,0.3219999969,82,58,58,24,0,2.7373441799,0.0879115969,2.7292083072
323,0.3230000138,84,60,60,24,0,2.8096069108,0.0902323617,2.8863077721
324,0.3240000010,83,59,59,24,0,2.7668453163,0.0888590452,3.0864123818
325,0.3249999881,92,61,61,31,0,3.0812346268,0.0989558633,3.1578922918
326,0.3260000050,107,64,64,43,0,3.6082493806,0.1158812865,3.3986897859
327,0.3269999921,115,67,67,48,0,3.8931375548,0.1250306563,3.5394854952
328,0.3280000091,122,69,69,53,0,4.1485245927,0.1332325779,3.8233932323
329,0.3289999962,126,70,70,56,0,4.2909686798,0.1378072628,4.0173344130
330,0.3300000131,129,70,70,59,0,4.3906511723,0.1410086312,4.2913192781
331,0.3310000002,135,72,72,63,0,4.6165370737,0.1482631045,4.5669749957
332,0.3319999874,140,74,74,66,0,4.7884822972,0.1537852377,4.8129507046
333,0.3330000043,144,75,75,69,0,4.9309263843,0.1583599227,5.0540155226
334,0.3339999914,146,75,75,71,0,4.9899286571,0.1602548192,5.1544887183
335,0.3350000083,149,75,75,74,0,5.0784320662,0.1630971640,5.2764895407
336,0.3359999955,152,77,77,75,0,5.1669354753,0.1659395088,5.1553691618
337,0.3370000124,153,79,79,74,0,5.1831761535,0.1664610888,5.1387173497
338,0.3379999995,156,84,84,72,0,5.2472400211,0.1685185418,4.7759401352
339,0.3389999866,166,98,98,68,0,5.5289909266,0.1775671562,4.7027865694
340,0.3400000036,127,97,97,30,0,4.2786070667,0.1374102616,4.1013868362
341,0.3409999907,118,93,93,25,0,3.9356154649,0.1263948622,3.6907661663
342,0.3420000076,58,58,58,0,0,1.7110659099,0.0549519997,3.1493005331
343,0.3429999948,45,45,45,0,0,1.3275511370,0.0426351722,2.9849362124
344,0.3440000117,41,41,41,0,0,1.2095465915,0.0388453791,3.0465913985
345,0.3449999988,39,39,39,0,0,1.1505443188,0.0369504826,3.0055757891
346,0.3459999859,37,37,37,0,0,1.0915420460,0.0350555860,3.0652698133
347,0.3470000029,36,36,36,0,0,1.0620409096,0.0341081377,3.0201014920
348,0.3479999900,35,35,35,0,0,1.0325397732,0.0331606895,3.0052892046
349,0.3490000069,34,34,34,0,0,1.0030386369,0.0322132412,2.9078486503
350,0.3499999940,33,33,33,0,0,0.9735375005,0.0312657929,2.8028717566
351,0.3510000110,32,32,32,0,0,0.9440363641,0.0303183447,2.6594609438
352,0.3519999981,36,36,36,0,0,1.0951920551,0.0351728084,2.6248172488
353,0.3529999852,39,39,39,0,0,1.2102163807,0.0388668898,2.6804350905
354,0.3540000021,40,40,40,0,0,1.2596082043,0.0404531405,2.7931801963
355,0.3549999893,39,39,39,0,0,1.2367372971,0.0397186264,2.7777929395
356,0.3560000062,39,39,39,0,0,1.2499977553,0.0401444946,2.7873689346
357,0.3569999933,38,38,38,0,0,1.2271268480,0.0394099805,2.7401315523
358,0.3580000103,36,36,36,0,0,1.1813850334,0.0379409523,2.6318831445
359,0.3589999974,34,34,34,0,0,1.1290129898,0.0362589899,2.5098602552
360,0.3600000143,24,24,24,0,0,0.8340016260,0.0267845071,2.2182077560
361,0.3610000014,20,20,20,0,0,0.7226273096,0.0232076482,2.2384335193
362,0.3619999886,20,20,20,0,0,0.7226273096,0.0232076482,2.3789563362
363,0.3630000055,20,20,20,0,0,0.7226273096,0.0232076482,2.4115419688
364,0.3639999926,20,20,20,0,0,0.7226273096,0.0232076482,2.4712042099
365,0.3650000095,21,21,21,0,0,0.7587586751,0.0243680306,2.4745785097
366,0.3659999967,21,21,21,0,0,0.7587586751,0.0243680306,2.4872852372
367,0.3670000136,21,21,21,0,0,0.7587586751,0.0243680306,2.4500394493
368,0.3680000007,21,21,21,0,0,0.7587586751,0.0243680306,2.3898509450
369,0.3689999878,20,20,20,0,0,0.7226273096,0.0232076482,2.2830299384
370,0.3700000048,20,20,20,0,0,0.7226273096,0.0232076482,2.1452826099
371,0.3709999919,19,19,19,0,0,0.6864959441,0.0220472658,2.0096760037
372,0.3720000088,18,18,18,0,0,0.6503645786,0.0208868834,1.8231290103
373,0.3729999959,18,18,18,0,0,0.6503645786,0.0208868834,1.6119845342
374,0.3740000129,16,16,16,0,0,0.5781018477,0.0185661186,1.3253509287
375,0.3750000000,14,14,14,0,0,0.5058391167,0.0162453537,1.0796661237
376,0.3759999871,12,12,12,0,0,0.4335763858,0.0139245889,0.7445870208
377,0.3770000041,10,10,10,0,0,0.3613136548,0.0116038241,0.4377719462
378,0.3779999912,3,3,3,0,0,0.1083940964,0.0034811472,0.0328632625
379,0.3790000081,0,0,0,0,0,0.0000000000,0.0000000000,0.0000000000
380,0.3799999952,0,0,0,0,0,0.0000000000,0.0000000000,0.0000000000
381,0.3810000122,0,0,0,0,0,0.0000000000,0.0000000000,0.0000000000
382,0.3819999993,0,0,0,0,0,0.0000000000,0.0000000000,0.0000000000
383,0.3829999864,29,20,20,9,0,1.0754888292,0.0345400265,0.2103945008
384,0.3840000033,47,33,33,14,0,1.7287069920,0.0555185546,0.8415224305
385,0.3849999905,52,37,37,15,0,1.9006522155,0.0610406878,1.2096856371
386,0.3860000074,59,42,42,17,0,2.1560392533,0.0692426094,1.7523120220
387,0.3869999945,60,43,43,17,0,2.1855403897,0.0701900576,1.9329308831
388,0.3880000114,76,58,58,18,0,2.6819981133,0.0861341218,2.5078531759
389,0.3889999986,81,63,63,18,0,2.8295037952,0.0908713632,2.8207717784
390,0.3899999857,85,67,67,18,0,2.9475083407,0.0946611562,3.0794826589
391,0.3910000026,85,68,68,17,0,2.9230687991,0.0938762644,3.1498422417
392,0.3919999897,87,70,70,17,0,2.9820710719,0.0957711609,3.2061920563
393,0.3930000067,86,70,70,16,0,2.9281303939,0.0940388208,3.1584916526
394,0.3939999938,86,70,70,16,0,2.9281303939,0.0940388208,3.0272840771
395,0.3950000107,85,70,70,15,0,2.8741897159,0.0923064807,2.9434013581
396,0.3959999979,80,67,67,13,0,2.6778049509,0.0859994557,2.6524496205
397,0.3970000148,80,67,67,13,0,2.6778049509,0.0859994557,2.5561399502
398,0.3980000019,72,62,62,10,0,2.3684772351,0.0760651939,2.2175818586
399,0.3989999890,69,60,60,9,0,2.2555342844,0.0724379573,2.1491932709
