q_index,x_path,negative_frame_count,negative_frame_fraction,mean_negative_frequency_THz,minimum_frequency_THz
0,0.0000000000,0,0.0000000000,nan,-0.0000002515
1,0.0417209072,48,0.1203007519,-0.1197176528,-0.1712377511
2,0.0834418143,48,0.1203007519,-0.2363703469,-0.3403706212
3,0.1251627215,46,0.1152882206,-0.3620279838,-0.5052889953
4,0.1668836287,46,0.1152882206,-0.4703664350,-0.6638726100
5,0.2086045359,46,0.1152882206,-0.5673710200,-0.8139821086
6,0.2503254430,46,0.1152882206,-0.6478501039,-0.9534463315
7,0.2920463502,43,0.1077694236,-0.7590601698,-1.0800428968
8,0.3337672574,43,0.1077694236,-0.8087022313,-1.1914683811
9,0.3754881645,42,0.1052631579,-0.8492737715,-1.2852921790
10,0.4172090717,38,0.0952380952,-0.9159533307,-1.3588840012
11,0.4589299789,34,0.0852130326,-0.9674095069,-1.4092969548
12,0.5006508861,32,0.0802005013,-0.9534318659,-1.4330714762
13,0.5423717932,26,0.0651629073,-0.9745278269,-1.4258876174
14,0.5840927004,21,0.0526315789,-1.0088251954,-1.3818976355
15,0.6258136076,19,0.0476190476,-0.8928747487,-1.2922899275
16,0.6675345147,14,0.0350877193,-0.7828170596,-1.1416075934
17,0.7092554219,7,0.0175438596,-0.7288158415,-0.8956017226
18,0.7509763291,3,0.0075187970,-0.4204077460,-0.4359374953
19,0.7926972363,0,0.0000000000,nan,0.7277058690
20,0.8344181434,0,0.0000000000,nan,1.0931079155
21,0.8761390506,0,0.0000000000,nan,1.2293909143
22,0.9178599578,0,0.0000000000,nan,1.3876402045
23,0.9595808649,0,0.0000000000,nan,1.5672168377
24,1.0013017721,0,0.0000000000,nan,1.7671893970
25,1.0430226793,0,0.0000000000,nan,1.9864686113
26,1.0847435865,0,0.0000000000,nan,2.2230946504
27,1.1264644936,0,0.0000000000,nan,2.4751829495
28,1.1681854008,0,0.0000000000,nan,2.7428696869
29,1.2099063080,0,0.0000000000,nan,3.0248634996
30,1.2516272151,0,0.0000000000,nan,3.3198331869
31,1.2933481223,0,0.0000000000,nan,3.6264060610
32,1.3350690295,0,0.0000000000,nan,3.8492208093
33,1.3767899367,0,0.0000000000,nan,4.0341272867
34,1.4185108438,0,0.0000000000,nan,4.2242501577
35,1.4602317510,0,0.0000000000,nan,4.4188277469
36,1.5019526582,0,0.0000000000,nan,4.6170175409
37,1.5436735653,0,0.0000000000,nan,4.8179097171
38,1.5853944725,0,0.0000000000,nan,5.0094225330
39,1.6271153797,0,0.0000000000,nan,5.1859986633
40,1.6688362869,0,0.0000000000,nan,5.2620818763
41,1.7105571940,0,0.0000000000,nan,5.2206991861
42,1.7522781012,0,0.0000000000,nan,5.0338010067
43,1.7939990084,0,0.0000000000,nan,4.8881999930
44,1.8357199155,0,0.0000000000,nan,4.7870935613
45,1.8774408227,0,0.0000000000,nan,4.7212019866
46,1.9191617299,0,0.0000000000,nan,4.6364366336
47,1.9608826371,0,0.0000000000,nan,4.4558295302
48,2.0026035442,0,0.0000000000,nan,4.2902997903
49,2.0443244514,0,0.0000000000,nan,4.1378518344
50,2.0860453586,0,0.0000000000,nan,3.9759105430
51,2.1277662657,0,0.0000000000,nan,3.8205268855
52,2.1694871729,0,0.0000000000,nan,3.6518964821
53,2.2112080801,0,0.0000000000,nan,3.5040973646
54,2.2529289873,0,0.0000000000,nan,3.3773196049
55,2.2946498944,0,0.0000000000,nan,3.2338964924
56,2.3363708016,0,0.0000000000,nan,3.1143688197
57,2.3780917088,0,0.0000000000,nan,3.0201611713
58,2.4198126159,0,0.0000000000,nan,2.9521816887
59,2.4615335231,0,0.0000000000,nan,2.9111112970
60,2.5032544303,0,0.0000000000,nan,2.8973732527
61,2.5327555667,0,0.0000000000,nan,2.8973641324
62,2.5622567030,0,0.0000000000,nan,2.8973235105
63,2.5917578394,0,0.0000000000,nan,2.8972117839
64,2.6212589758,0,0.0000000000,nan,2.8969635400
65,2.6507601122,0,0.0000000000,nan,2.8964884254
66,2.6802612486,0,0.0000000000,nan,2.8956723188
67,2.7097623849,0,0.0000000000,nan,2.8943787721
68,2.7392635213,0,0.0000000000,nan,2.8924506712
69,2.7687646577,0,0.0000000000,nan,2.8897120660
70,2.7982657941,0,0.0000000000,nan,2.8859701150
71,2.8277669304,0,0.0000000000,nan,2.8810170896
72,2.8572680668,0,0.0000000000,nan,2.8746323820
73,2.8867692032,0,0.0000000000,nan,2.8665844667
74,2.9162703396,0,0.0000000000,nan,2.8566327634
75,2.9457714760,0,0.0000000000,nan,2.8445293571
76,2.9752726123,0,0.0000000000,nan,2.8300205294
77,3.0047737487,0,0.0000000000,nan,2.8128480610
78,3.0342748851,0,0.0000000000,nan,2.7927502600
79,3.0637760215,0,0.0000000000,nan,2.7694626742
80,3.0932771579,0,0.0000000000,nan,2.7427184339
81,3.1227782942,0,0.0000000000,nan,2.7122481653
82,3.1522794306,0,0.0000000000,nan,2.6777793971
83,3.1817805670,0,0.0000000000,nan,2.6390353569
84,3.2112817034,0,0.0000000000,nan,2.5957330200
85,3.2407828397,0,0.0000000000,nan,2.5475802164
86,3.2702839761,0,0.0000000000,nan,2.4942715209
87,3.2997851125,0,0.0000000000,nan,2.4354825314
88,3.3292862489,0,0.0000000000,nan,2.3708619491
89,3.3587873853,0,0.0000000000,nan,2.3000205778
90,3.3882885216,0,0.0000000000,nan,2.2225158775
91,3.4177896580,0,0.0000000000,nan,2.1378298907
92,3.4472907944,0,0.0000000000,nan,2.0453369427
93,3.4767919308,0,0.0000000000,nan,1.9442549084
94,3.5062930671,0,0.0000000000,nan,1.8335687981
95,3.5357942035,0,0.0000000000,nan,1.7119049817
96,3.5652953399,1,0.0025062657,-2.2375619470,-2.2375619470
97,3.5947964763,3,0.0075187970,-2.2271352285,-3.6234779522
98,3.6242976127,4,0.0100250627,-3.4579462913,-4.6186764194
99,3.6537987490,7,0.0175438596,-3.6051752808,-5.4384202735
100,3.6832998854,9,0.0225563910,-3.9690593740,-6.1500133051
101,3.7128010218,10,0.0250626566,-4.4799510387,-6.7845341009
102,3.7423021582,12,0.0300751880,-4.6757221173,-7.3590812132
103,3.7718032946,15,0.0375939850,-4.4097299034,-7.8840607859
104,3.8013044309,16,0.0401002506,-4.8942488351,-8.3662283980
105,3.8308055673,25,0.0626566416,-3.8278144707,-8.8101649085
106,3.8603067037,29,0.0726817043,-3.9237892731,-9.2190712425
107,3.8898078401,35,0.0877192982,-3.7695127126,-9.5952307583
108,3.9193089764,37,0.0927318296,-4.0059970695,-9.9402947668
109,3.9488101128,41,0.1027568922,-4.0084870038,-10.2554674277
110,3.9783112492,44,0.1102756892,-4.0967850627,-10.5416302004
111,4.0078123856,58,0.1453634085,-3.4474132685,-10.7994283150
112,4.0373135220,68,0.1704260652,-3.2959492561,-11.0293324420
113,4.0668146583,82,0.2055137845,-3.0300053120,-11.2316836178
114,4.0963157947,99,0.2481203008,-2.7663622335,-11.4067265122
115,4.1258169311,112,0.2807017544,-2.6799934104,-11.5546343514
116,4.1553180675,124,0.3107769424,-2.6006622649,-11.6755276968
117,4.1848192038,142,0.3558897243,-2.4200717213,-11.7694885713
118,4.2143203402,151,0.3784461153,-2.3961717098,-11.8365709567
119,4.2438214766,155,0.3884711779,-2.3991178953,-11.8768083595
120,4.2733226130,156,0.3909774436,-2.4055087556,-11.8902189190
121,4.3028237494,156,0.3909774436,-2.4004839256,-11.8850632351
122,4.3323248857,156,0.3909774436,-2.3843737879,-11.8696057940
123,4.3618260221,153,0.3834586466,-2.4022919378,-11.8438753921
124,4.3913271585,151,0.3784461153,-2.3989099746,-11.8079199048
125,4.4208282949,148,0.3709273183,-2.4025976945,-11.7618061096
126,4.4503294313,147,0.3684210526,-2.3659369161,-11.7056194376
127,4.4798305676,143,0.3583959900,-2.3558263606,-11.6394636571
128,4.5093317040,137,0.3433583960,-2.3797233717,-11.5634604877
129,4.5388328404,130,0.3258145363,-2.4156065859,-11.4777491466
130,4.5683339768,126,0.3157894737,-2.3985828129,-11.3824858297
131,4.5978351131,121,0.3032581454,-2.3846444929,-11.2778431277
132,4.6273362495,109,0.2731829574,-2.5326000720,-11.1640093786
133,4.6568373859,104,0.2606516291,-2.5874025909,-11.0411879607
134,4.6863385223,100,0.2506265664,-2.6228685966,-10.9095965262
135,4.7158396587,94,0.2355889724,-2.7221147701,-10.7694661781
136,4.7453407950,93,0.2330827068,-2.7089630707,-10.6210405951
137,4.7748419314,93,0.2330827068,-2.6675105514,-10.4645751041
138,4.8043430678,94,0.2355889724,-2.6012720473,-10.3003357064
139,4.8338442042,93,0.2330827068,-2.5928740242,-10.1285980594
140,4.8633453405,94,0.2355889724,-2.5290392471,-9.9496464178
141,4.8928464769,96,0.2406015038,-2.4500771863,-9.7637725386
142,4.9223476133,96,0.2406015038,-2.4163280914,-9.5712745535
143,4.9518487497,99,0.2481203008,-2.3230358683,-9.3724558132
144,4.9813498861,103,0.2581453634,-2.2355408688,-9.1676237097
145,5.0108510224,106,0.2656641604,-2.1881257455,-8.9570884789
146,5.0403521588,110,0.2756892231,-2.1215113970,-8.7411619920
147,5.0698532952,124,0.3107769424,-1.9107722125,-8.5201565389
148,5.0993544316,130,0.3258145363,-1.8592999529,-8.2943836107
149,5.1288555680,138,0.3458646617,-1.7876346264,-8.0641526872
150,5.1583567043,142,0.3558897243,-1.7615268441,-7.8297700359
151,5.1878578407,150,0.3759398496,-1.7015589618,-7.5915375297
152,5.2173589771,155,0.3884711779,-1.6720723217,-7.3497514890
153,5.2468601135,157,0.3934837093,-1.6634480294,-7.1047015577
154,5.2763612498,162,0.4060150376,-1.6191702579,-6.8566696179
155,5.3058623862,164,0.4110275689,-1.6031072957,-6.6059287535
156,5.3353635226,168,0.4210526316,-1.5610083368,-6.3527422683
157,5.3648646590,170,0.4260651629,-1.5325156762,-6.0973627683
158,5.3943657954,173,0.4335839599,-1.4903030582,-5.8400313143
159,5.4238669317,176,0.4411027569,-1.4458015122,-5.5809766538
160,5.4533680681,178,0.4461152882,-1.4035172907,-5.3204145392
161,5.4828692045,184,0.4611528822,-1.3312592250,-5.0585471400
162,5.5123703409,189,0.4736842105,-1.2643136234,-4.7955625554
163,5.5418714772,191,0.4786967419,-1.2144750404,-4.5316344346
164,5.5713726136,194,0.4862155388,-1.1545341083,-4.2669217092
165,5.6008737500,199,0.4987468672,-1.0819740353,-4.0015684455
166,5.6303748864,202,0.5062656642,-1.0190406880,-3.7357038176
167,5.6598760228,205,0.5137844612,-0.9532279489,-3.4694422073
168,5.6893771591,204,0.5112781955,-0.9004804103,-3.2028834320
169,5.7188782955,205,0.5137844612,-0.8358605117,-2.9361131013
170,5.7483794319,205,0.5137844612,-0.7712056308,-2.6692031020
171,5.7778805683,205,0.5137844612,-0.7031143079,-2.4022122106
172,5.8073817046,205,0.5137844612,-0.6320668667,-2.1351868285
173,5.8368828410,205,0.5137844612,-0.5584617881,-1.8681618364
174,5.8663839774,205,0.5137844612,-0.4826595427,-1.6011615612
175,5.8958851138,205,0.5137844612,-0.4049987420,-1.3342008464
176,5.9253862502,204,0.5112781955,-0.3273551601,-1.0672862192
177,5.9548873865,204,0.5112781955,-0.2465875479,-0.8004171403
178,5.9843885229,204,0.5112781955,-0.1649006430,-0.5335873279
179,6.0138896593,204,0.5112781955,-0.0826027860,-0.2667861395
180,6.0433907957,0,0.0000000000,nan,-0.0000002515
181,6.0795221612,82,0.2055137845,-0.0720733924,-0.1774150651
182,6.1156535266,82,0.2055137845,-0.1421166412,-0.3545589769
183,6.1517848921,82,0.2055137845,-0.2080080540,-0.5311598946
184,6.1879162576,79,0.1979949875,-0.2775369058,-0.7069445867
185,6.2240476231,72,0.1804511278,-0.3624481170,-0.8816376974
186,6.2601789886,70,0.1754385965,-0.4242504612,-1.0549609660
187,6.2963103540,63,0.1578947368,-0.5118035584,-1.2266323882
188,6.3324417195,57,0.1428571429,-0.6060545107,-1.3963653031
189,6.3685730850,53,0.1328320802,-0.6853050884,-1.5638673964
190,6.4047044505,47,0.1177944862,-0.7952464259,-1.7288396080
191,6.4408358159,44,0.1102756892,-0.8719741876,-1.8909749339
192,6.4769671814,41,0.1027568922,-0.9531830286,-2.0499571147
193,6.5130985469,36,0.0902255639,-1.1081062999,-2.2054592009
194,6.5492299124,36,0.0902255639,-1.1489626433,-2.3571419878
195,6.5853612779,35,0.0877192982,-1.2071920741,-2.5046523103
196,6.6214926433,34,0.0852130326,-1.2526196988,-2.6476211871
197,6.6576240088,34,0.0852130326,-1.2496363095,-2.7856617997
198,6.6937553743,32,0.0802005013,-1.2984746436,-2.9183672892
199,6.7298867398,31,0.0776942356,-1.2933062916,-3.0453083439
200,6.7660181053,31,0.0776942356,-1.2184688188,-3.1660305439
201,6.8021494707,28,0.0701754386,-1.2115758382,-3.2800514138
202,6.8382808362,26,0.0651629073,-1.0969925858,-3.3868571171
203,6.8744122017,19,0.0476190476,-1.1210547244,-3.4858987020
204,6.9105435672,13,0.0325814536,-1.2704083360,-3.5765877731
205,6.9466749327,6,0.0150375940,-2.0345627889,-3.6582914193
206,6.9828062981,5,0.0125313283,-2.3307670975,-3.7303261655
207,7.0189376636,5,0.0125313283,-2.2744881984,-3.7919506257
208,7.0550690291,6,0.0150375940,-1.8392033977,-3.8423564147
209,7.0912003946,5,0.0125313283,-2.2135102305,-3.8806566906
210,7.1273317601,5,0.0125313283,-2.2019328459,-3.9058714417
211,7.1634631255,5,0.0125313283,-2.1550375764,-3.9169082294
212,7.1995944910,5,0.0125313283,-2.0643685905,-3.9125364867
213,7.2357258565,5,0.0125313283,-1.8945176850,-3.8913524914
214,7.2718572220,4,0.0100250627,-2.1149399206,-3.8517305305
215,7.3079885875,4,0.0100250627,-1.9374562917,-3.7917530298
216,7.3441199529,3,0.0075187970,-2.2194755240,-3.7091075465
217,7.3802513184,3,0.0075187970,-2.0044937709,-3.6009293785
218,7.4163826839,3,0.0075187970,-1.6489299113,-3.4635503286
219,7.4525140494,1,0.0025062657,-3.2920750318,-3.2920750318
220,7.4886454149,1,0.0025062657,-3.0796138733,-3.0796138733
221,7.5247767803,1,0.0025062657,-2.8157545862,-2.8157545862
222,7.5609081458,1,0.0025062657,-2.4830709024,-2.4830709024
223,7.5970395113,1,0.0025062657,-2.0472397085,-2.0472397085
224,7.6331708768,1,0.0025062657,-1.4149353762,-1.4149353762
225,7.6693022422,0,0.0000000000,nan,0.6352362157
226,7.7054336077,0,0.0000000000,nan,1.7394761862
227,7.7415649732,0,0.0000000000,nan,2.4214543079
228,7.7776963387,0,0.0000000000,nan,2.9855701665
229,7.8138277042,0,0.0000000000,nan,3.3739719870
230,7.8499590696,0,0.0000000000,nan,3.1404311604
231,7.8860904351,0,0.0000000000,nan,2.9182827860
232,7.9222218006,0,0.0000000000,nan,2.7171135177
233,7.9583531661,0,0.0000000000,nan,2.5485646174
234,7.9944845316,0,0.0000000000,nan,2.4257023725
235,8.0306158970,0,0.0000000000,nan,2.3611856134
236,8.0667472625,0,0.0000000000,nan,2.3642697257
237,8.1028786280,0,0.0000000000,nan,2.4379374796
238,8.1390099935,0,0.0000000000,nan,2.5781053237
239,8.1751413590,0,0.0000000000,nan,2.7754759925
240,8.2112727244,0,0.0000000000,nan,3.0185568997
241,8.2474040899,0,0.0000000000,nan,2.4776727424
242,8.2835354554,0,0.0000000000,nan,1.8849693363
243,8.3196668209,0,0.0000000000,nan,1.1646938436
244,8.3557981864,2,0.0050125313,-0.3920358388,-0.6734749580
245,8.3919295518,4,0.0100250627,-1.0427361352,-1.3726455003
246,8.4280609173,5,0.0125313283,-1.4030905705,-1.7164649801
247,8.4641922828,7,0.0175438596,-1.5573285680,-2.1120725950
248,8.5003236483,9,0.0225563910,-1.8444692213,-3.4800420763
249,8.5364550138,11,0.0275689223,-2.0479111903,-4.3829543580
250,8.5725863792,12,0.0300751880,-2.3082848135,-5.0693971700
251,8.6087177447,14,0.0350877193,-2.4822998399,-5.6143059024
252,8.6448491102,13,0.0325814536,-2.9280192652,-6.0518933533
253,8.6809804757,14,0.0350877193,-3.0612284285,-6.4008340312
254,8.7171118412,12,0.0300751880,-3.6725010195,-6.6723771154
255,8.7532432066,11,0.0275689223,-4.5124458133,-6.8736956278
256,8.7893745721,19,0.0476190476,-3.2574484184,-7.0094874285
257,8.8255059376,31,0.0776942356,-2.6680573758,-7.0828111498
258,8.8616373031,37,0.0927318296,-2.7787555366,-7.0955384415
259,8.8977686686,53,0.1328320802,-2.4024274718,-7.0485864936
260,8.9339000340,66,0.1654135338,-2.3075440267,-6.9420020473
261,8.9700313995,75,0.1879699248,-2.2829931215,-6.7749193507
262,9.0061627650,79,0.1979949875,-2.2971631469,-6.5453778963
263,9.0422941305,75,0.1879699248,-2.4232179779,-6.2499408350
264,9.0784254959,71,0.1779448622,-2.4698237325,-5.8829730355
265,9.1145568614,67,0.1679197995,-2.4254888924,-5.4352493584
266,9.1506882269,62,0.1553884712,-2.3296892584,-4.8910489249
267,9.1868195924,44,0.1102756892,-2.7083368640,-4.2673977651
268,9.2229509579,39,0.0977443609,-2.6343985069,-4.1938461865
269,9.2590823233,33,0.0827067669,-2.7441804183,-4.0765756377
270,9.2952136888,28,0.0701754386,-2.8364459485,-3.9086949649
271,9.3313450543,25,0.0626566416,-2.8637709740,-3.6848451367
272,9.3674764198,24,0.0601503759,-2.6507734570,-3.3962256565
273,9.4036077853,22,0.0551378446,-2.4318536992,-3.0319958681
274,9.4397391507,19,0.0476190476,-2.1173565378,-2.5666796531
275,9.4758705162,16,0.0401002506,-1.5603948718,-1.9252922996
276,9.5120018817,6,0.0150375940,-0.5736812233,-0.8000390496
277,9.5481332472,0,0.0000000000,nan,1.6282414658
278,9.5842646127,0,0.0000000000,nan,1.7031816442
279,9.6203959781,0,0.0000000000,nan,1.7507288255
280,9.6565273436,0,0.0000000000,nan,1.8100433485
281,9.6926587091,0,0.0000000000,nan,1.8783348677
282,9.7287900746,0,0.0000000000,nan,1.9530095628
283,9.7649214401,0,0.0000000000,nan,2.0317591998
284,9.8010528055,0,0.0000000000,nan,2.1125899048
285,9.8371841710,0,0.0000000000,nan,2.1938133321
286,9.8733155365,0,0.0000000000,nan,2.2740184581
287,9.9094469020,0,0.0000000000,nan,2.3520360584
288,9.9455782675,0,0.0000000000,nan,2.4269027440
289,9.9817096329,0,0.0000000000,nan,2.4978279216
290,10.0178409984,0,0.0000000000,nan,2.5641649572
291,10.0539723639,0,0.0000000000,nan,2.6253867230
292,10.0901037294,0,0.0000000000,nan,2.6810651958
293,10.1262350949,0,0.0000000000,nan,2.7308545971
294,10.1623664603,0,0.0000000000,nan,2.7744775467
295,10.1984978258,0,0.0000000000,nan,2.8117137579
296,10.2346291913,0,0.0000000000,nan,2.8423908822
297,10.2707605568,0,0.0000000000,nan,2.8663771941
298,10.3068919222,0,0.0000000000,nan,2.8835758783
299,10.3430232877,0,0.0000000000,nan,2.8939207455
300,10.3791546532,0,0.0000000000,nan,2.8973732527
